经销商代码,经销商名称,区域,服务区域,性质,组长,区域经理,销售用户数,忠诚用户数,客户保持率实达
M18888,青海金团汽车销售服务有限公司,西区,西区,基盘,青海金团,正常,675.0,1681,2.4903703703703703
M18902,许昌吉运汽车销售服务有限公司,中区,中区,基盘,许昌吉运,正常,582.0,1867,3.2079037800687287
M18898,南充创达丰汽车服务有限公司,西区,西区,基盘,南充创达,正常,553.0,1161,2.0994575045207955
M18320,海宁市禾通汽车销售服务有限公司,东区,东区,基盘,,,2369.0,0,0
M18305,北京首汽腾达汽车销售服务有限公司,北区,北区,基盘,,,1875.0,0,0
M18333,无锡荣事达汽车贸易服务有限公司,东区,东区,基盘,无锡荣事达,正常,3366.0,2798,0.8312537136066548
M18307,北京华日通汽车销售服务有限公司,北区,北区,基盘,北京华日通,正常,985.0,2533,2.5715736040609136
A13313,宁波万事得汽车有限公司,东区,东区,基盘,0,正常,2325.0,2,0.0008602150537634409
M18283,长春久鼎汽车销售服务有限公司,北区,北区,基盘,吉林仁德,正常,3386.0,1851,0.5466627288836385
M18242,邵阳驭马汽车销售服务有限公司,南区,南二区,基盘,0,退网,1325.0,1494,1.1275471698113209
M18233,泰安金马汽车销售服务有限公司,中区,中区,基盘,0,退网,1878.0,1293,0.6884984025559105
M18221,贵港万马汽车销售服务有限公司,南区,南一区,基盘,0,退网,1686.0,1337,0.7930011862396203
M18243,郴州跃马汽车销售有限公司,南区,南二区,基盘,湖南长驰,正常,1224.0,1377,1.125
M18297,邯郸德骏汽车销售有限公司,北区,北区,基盘,邯郸德骏,正常,1016.0,1195,1.1761811023622046
M18229,天津远大盈之马汽车销售服务有限公司,北区,北区,基盘,天津远大,正常,1467.0,2225,1.5167007498295841
M18363,东莞市久驰汽车贸易有限公司,南区,南一区,基盘,东莞久驰,正常,3149.0,1992,0.6325817719911083
M18617,武汉龙泰汽车销售服务有限公司,中区,中区,基盘,0,退网,4590.0,2596,0.5655773420479303
M18251,长沙瑞亿达汽车销售服务有限公司,南区,南二区,基盘,湖南长驰,正常,2711.0,2961,1.0922168941350054
M18352,佛山市广物驭达汽车销售服务有限公司,南区,南一区,基盘,,,2189.0,309,0.14116034719049794
M18298,唐山冀东赫峰汽车销售服务有限公司,北区,北区,基盘,,,1269.0,0,0
M18179,廊坊市志冀汽车销售有限公司,北区,北区,非基盘,0,退网,766.0,608,0.793733681462141
M18201,贺州市均浩汽车销售有限公司,南区,南一区,基盘,贺州均浩,正常,2291.0,1280,0.5587079877782628
M18370,兰州金岛骄马汽车销售有限公司,西区,西区,基盘,兰州金岛骄马,正常,2299.0,2421,1.053066550674206
M18351,广东物通驭达汽车有限公司,南区,南一区,基盘,广东物通集团,正常,4429.0,3250,0.7337999548430797
M18258,安阳市万德福汽车销售服务有限公司,中区,中区,基盘,,,338.0,0,0
M18184,江门市领泰汽车销售服务有限公司,南区,南一区,基盘,,,2346.0,0,0
M18252,枣庄爱马行汽车销售服务有限公司,中区,中区,基盘,,,413.0,168,0.4067796610169492
M18265,洛阳隆马汽车销售服务有限公司,中区,中区,基盘,洛阳隆马,正常,759.0,857,1.1291172595520422
M18361,汕头市通利华月浦汽车服务有限公司,南区,南一区,基盘,,,1769.0,0,0
M18238,衡阳致瑞汽车销售服务有限公司,南区,南二区,基盘,湖南长驰,正常,4578.0,4752,1.0380078636959371
M18285,吉林省仁德汽车销售服务有限公司,北区,北区,基盘,吉林仁德,正常,3502.0,3535,1.0094231867504284
M18362,东莞市通华汽车销售服务有限公司,南区,南一区,基盘,深圳通利华,正常,1545.0,1021,0.6608414239482201
M18323,新乡市弘森汽车销售服务有限公司,中区,中区,基盘,,,1503.0,556,0.3699268130405855
M18613,广州博程汽车有限公司,南区,南一区,基盘,广州博程,正常,4352.0,3254,0.7477022058823529
M18180,南京天辉汽车销售服务有限公司,东区,东区,基盘,南京天和,正常,1961.0,2408,1.2279449260581337
M18286,日照市佰世达汽车销售服务有限公司,中区,中区,基盘,日照佰世达,正常,917.0,714,0.7786259541984732
M18209,张家口耀祥汽车销售有限公司,北区,北区,基盘,0,退网,934.0,830,0.8886509635974305
M18341,株洲市华兴汽车销售服务有限公司,南区,南二区,基盘,株洲华兴,正常,2837.0,1570,0.5534014804370814
M18224,广州市福马汽车销售服务有限公司,南区,南一区,基盘,广州东富,正常,2404.0,4334,1.802828618968386
M18235,湖南长驰长马汽车销售服务有限公司,南区,南二区,基盘,湖南长驰,正常,3528.0,3100,0.8786848072562359
M18255,孝感景帆汽车销售服务有限公司,中区,中区,基盘,孝感景帆,正常,1026.0,537,0.5233918128654971
M18266,山西诺维兰集团运城瑞嘉汽车销售服务有限公司,北区,北区,基盘,,,344.0,20,0.05813953488372093
M18328,焦作双达汽车销售服务有限公司,中区,中区,基盘,焦作双达,正常,1709.0,1432,0.8379169104739613
M18331,淮安市宏宇翔舜汽车销售服务有限公司,东区,东区,基盘,淮安宏宇,正常,3923.0,2663,0.6788172317104257
M18325,商丘市宝利鑫凯汽车销售服务有限公司,中区,中区,基盘,,,523.0,156,0.2982791586998088
M18306,北京瑞豪成商贸有限公司,北区,北区,基盘,北京瑞豪成,正常,1439.0,1790,1.2439193884642112
M18196,陕西骏威汽车销售服务有限公司,西区,西区,基盘,西安骏广,正常,5103.0,3573,0.7001763668430335
M18167,北海瑞祥盛汽车销售服务有限公司,南区,南一区,基盘,0,退网,2275.0,1311,0.5762637362637363
M18371,贵州正合隆汽车销售有限公司,西区,西区,基盘,正能量集团,正常,1803.0,1772,0.9828064337215752
M18217,宣城瑞冠汽车销售有限公司,中区,中区,基盘,0,退网,2628.0,1462,0.556316590563166
M18163,张家港全骏汽车销售服务有限公司,东区,东区,基盘,江苏富骏,正常,1632.0,1431,0.8768382352941176
M18189,三明市长隆汽车销售服务有限公司,南区,南二区,非基盘,,,880.0,0,0
M18206,大连华为汽车销售服务有限公司,北区,北区,非基盘,大连盛瑞行,正常,579.0,387,0.6683937823834197
M18261,聊城驭马汽车销售服务有限公司,中区,中区,基盘,,,427.0,1256,2.9414519906323187
M18349,广西鑫广达汽车销售服务有限公司,南区,南一区,基盘,长久集团,正常,4872.0,6521,1.3384646962233169
M18175,巴州四季秋林汽车销售有限公司,西区,西区,基盘,新疆广利,正常,914.0,553,0.6050328227571116
M18299,石家庄市冀东汽车贸易有限公司,北区,北区,基盘,,,1422.0,0,0
M18234,永州驭马汽车销售服务有限公司,南区,南二区,基盘,湖南长驰,正常,1752.0,1083,0.6181506849315068
M18259,宜春驭盛汽车服务有限公司,南区,南二区,基盘,湖南长驰,正常,1031.0,846,0.8205625606207565
M18538,上海交运起荣汽车销售服务有限公司,东区,东区,基盘,上海交运,正常,2182.0,3152,1.4445462878093491
M18247,北京东南得利卡汽车贸易有限公司,北区,北区,基盘,北京东南得利卡,正常,695.0,850,1.223021582733813
M18365,中山市中达汽车销售服务有限公司,南区,南一区,基盘,中山万事得,正常,3059.0,2855,0.9333115397188624
M18322,金华金宇汽车贸易有限公司,东区,东区,基盘,,,1384.0,196,0.1416184971098266
M18190,河南小伙伴汽车销售有限公司,中区,中区,基盘,河南小伙伴,正常,5539.0,4025,0.7266654630799784
M18245,常德汇智汽车销售服务有限公司,南区,南二区,基盘,湖南长驰,正常,3041.0,2822,0.9279842157185136
M18260,湖南博马汽车销售服务有限公司,南区,南二区,基盘,,,1060.0,0,0
M18276,辽宁福达汽车销售服务有限公司,北区,北区,基盘,辽宁福达,正常,4295.0,3506,0.8162980209545984
M18313,合肥市贺悦汽车销售服务有限公司,中区,中区,基盘,合肥贺悦,正常,2544.0,1201,0.47209119496855345
M18222,承德浩驰汽车销售服务有限公司,北区,北区,基盘,承德浩驰,正常,501.0,370,0.7385229540918163
M18199,梧州市悦马汽车有限公司,南区,南一区,非基盘,,,1181.0,0,0
M18239,丽水旺昌汽车销售服务有限公司,东区,东区,基盘,0,正常,892.0,1278,1.4327354260089686
M18353,厦门吉顺丰汽车贸易有限公司,南区,南二区,基盘,厦门吉顺丰,正常,2801.0,2894,1.0332024277043912
M18195,青岛海昌汽车销售有限公司,中区,中区,基盘,青岛安隆达,正常,1395.0,1100,0.7885304659498208
M18319,慈溪市新亚汽车销售服务有限公司,东区,东区,基盘,慈溪新亚,正常,1852.0,1046,0.5647948164146869
M18220,上海苏源汽车销售服务有限公司,东区,东区,基盘,上海苏源,正常,2759.0,2900,1.051105472997463
M18178,广州市悦马汽车有限公司,南区,南一区,基盘,,,2621.0,77,0.029378099961846624
M18269,厦门市亿海正旗汽车销售服务有限公司,南区,南二区,基盘,,,1013.0,361,0.35636722606120436
M18207,哈尔滨骏骥汽车销售服务有限公司,北区,北区,基盘,,,1850.0,0,0
M18197,渭南骏广汽车销售服务有限公司,西区,西区,基盘,,,3147.0,606,0.19256434699714015
M18897,沧州仓安汽车销售服务有限公司,北区,北区,基盘,沧州仓安,正常,371.0,657,1.7708894878706198
M18240,淮安市雨田领辰汽车销售服务有限公司,东区,东区,基盘,,,1831.0,0,0
M18169,莆田龙益汽车销售服务有限公司,南区,南二区,基盘,福州龙益,正常,1165.0,880,0.7553648068669528
M18347,海南优之杰汽车有限公司,南区,南一区,基盘,,,2824.0,0,0
M18232,株洲同达汽车销售服务有限公司,南区,南二区,基盘,湖南长驰,正常,777.0,1069,1.3758043758043759
M18326,南阳兴业汽车销售服务有限公司,中区,中区,基盘,0,正常,1241.0,1197,0.9645447219983884
M18218,包头市鸿燕福达汽车销售服务有限公司,北区,北区,基盘,内蒙古鸿达,正常,934.0,1177,1.26017130620985
M18230,九江景润汽车销售服务有限公司,南区,南二区,基盘,0,正常,3561.0,1214,0.3409154731816905
M18231,岳阳驭马汽车销售服务有限公司,南区,南二区,基盘,湖南长驰,正常,3051.0,1841,0.6034087184529663
M18246,遵义乾坤君马汽车销售有限公司,西区,西区,基盘,遵义乾坤,正常,770.0,807,1.0480519480519481
M18267,阜新鑫鑫汽车销售服务有限公司,北区,北区,非基盘,阜新鑫鑫,正常,109.0,66,0.6055045871559633
A13776,浙江裕菲汽车销售服务有限公司,东区,东区,基盘,浙江裕非,正常,4328.0,5082,1.1742144177449167
M18519,宁波合辰汽车销售服务有限公司,东区,东区,基盘,宁波合辰,正常,4705.0,3329,0.7075451647183847
M18131,四川西星实业发展有限公司,西区,西区,基盘,四川西星,正常,4930.0,3833,0.7774847870182556
M18109,汉中逸丰汽车销售服务有限公司,西区,西区,基盘,,,3233.0,714,0.22084751005258274
M18165,保定市振昊汽车贸易有限公司,北区,北区,基盘,,,1539.0,0,0
M18105,苏州恒合汽车销售有限公司,东区,东区,基盘,瀚龙集团,正常,2331.0,2254,0.9669669669669669
M18042,深圳通利华龙城汽车销售服务有限公司,南区,南一区,基盘,深圳通利华,正常,4769.0,3773,0.7911511847347452
M18137,宿迁永泓汽车销售服务有限公司,东区,东区,基盘,宿迁永泓,正常,2208.0,1042,0.47192028985507245
M18038,北京仁正利成汽车销售服务有限公司,北区,北区,基盘,北京仁正利成,正常,2212.0,2462,1.1130198915009042
M18102,德阳宏羽凯威汽车销售服务有限公司,西区,西区,基盘,,,2534.0,0,0
M18014,舟山凯桥汽车销售有限公司,东区,东区,基盘,舟山凯桥,正常,3169.0,2428,0.7661722940990849
M18128,济宁骁华汽车销售服务有限公司,中区,中区,基盘,济宁骁华,正常,1888.0,1516,0.8029661016949152
M18573,云南善为汽车销售服务有限公司,西区,西区,基盘,云南善为,正常,5294.0,2699,0.5098224404986778
M18061,吉林市凯利凯汽车贸易有限公司,北区,北区,非基盘,,,973.0,13,0.013360739979445015
M18003,重庆金团汽车销售服务有限公司,西区,西区,基盘,重庆金团,正常,3570.0,3292,0.9221288515406163
M18025,肇庆美轮庆达汽车有限公司,南区,南一区,基盘,0,正常,3059.0,1943,0.6351748937561295
M18889,安庆瑞呈汽车销售服务有限公司,中区,中区,基盘,芜湖瑞马,正常,649.0,1419,2.1864406779661016
M18160,十堰海阜汽车销售服务有限公司,中区,中区,基盘,十堰海阜,正常,3090.0,1781,0.5763754045307443
A27896,青岛安隆达汽车销售有限公司,中区,中区,基盘,青岛安隆达,正常,4395.0,3027,0.6887372013651877
M18041,绍兴国赛汽车有限公司,东区,东区,基盘,浙江国赛,正常,4138.0,3299,0.7972450459159014
M18049,芜湖瑞马汽车销售服务有限公司,中区,中区,基盘,芜湖瑞马,正常,5975.0,2540,0.4251046025104602
A32359,马鞍山中冠汽车销售服务有限公司,中区,中区,基盘,马鞍山中冠,正常,2794.0,1552,0.5554760200429492
M18009,桂林鑫广达博骏汽车销售服务有限公司,南区,南一区,基盘,长久集团,正常,4987.0,2927,0.5869260076198115
A22778,宜兴市苏源汽车销售服务有限公司,东区,东区,基盘,0,退网,1560.0,1344,0.8615384615384616
M18562,绵阳嘉成汽车销售服务有限公司,西区,西区,基盘,,,1593.0,0,0
M18069,中国长安汽车集团天津销售有限公司,北区,北区,基盘,中国长安,正常,3404.0,2162,0.6351351351351351
M18088,佛山智迪汽车有限公司,南区,南一区,基盘,0,正常,2168.0,1444,0.6660516605166051
M18083,镇江天佑汽车销售服务有限公司,东区,东区,基盘,南京天和,正常,1388.0,1234,0.8890489913544669
M18122,广州市东富汽车销售服务有限公司,南区,南一区,基盘,,,4920.0,0,0
M18051,百色万马汽车销售服务有限公司,南区,南一区,基盘,贵港万马,正常,3576.0,2282,0.6381431767337807
A30495,怀化市恒旺汽车销售服务有限公司,南区,南二区,基盘,,,2232.0,603,0.2701612903225806
M18055,东莞市莞泰通益汽车销售服务有限公司,南区,南一区,基盘,,,4983.0,1445,0.28998595223760787
M18015,广元驭马车业有限公司,西区,西区,非基盘,,,897.0,0,0
M18090,襄阳建银金马汽车销售有限公司,中区,中区,基盘,建银集团,正常,2764.0,1456,0.5267727930535456
M18070,泰兴市天利达汽车贸易有限公司,东区,东区,基盘,天字集团,正常,2050.0,1010,0.4926829268292683
M18610,广西马之悦汽车销售服务有限公司,南区,南一区,基盘,广西马之悦,正常,4344.0,2365,0.5444290976058932
M18099,山西马博士汽车销售有限公司,北区,北区,基盘,山西马博士,正常,2481.0,2406,0.969770253929867
A32365,宿州安智行汽车科技有限公司,中区,中区,基盘,,,1337.0,0,0
M18138,江西金乐玛汽车销售服务有限公司,南区,南二区,基盘,江西金乐玛,正常,2697.0,1477,0.5476455320726733
M18071,韶关市荣和通达汽车贸易有限公司,南区,南一区,基盘,胡列杰,正常,1230.0,681,0.5536585365853659
A30535,安徽泓德汽车销售服务有限公司,中区,中区,基盘,安徽泓德,正常,3961.0,2196,0.5544054531683918
M18892,辽宁驰敖中联汽车销售服务有限公司,北区,北区,基盘,辽宁驰敖,正常,2172.0,5858,2.697053406998158
M18018,诸暨国赛汽车有限公司,东区,东区,基盘,浙江国赛,正常,1822.0,1121,0.615257958287596
M18066,宁波鑫驰汽车有限公司,东区,东区,基盘,,,3205.0,0,0
A17995,哈尔滨龙洋汽车销售有限公司,北区,北区,基盘,西安骏广,正常,5071.0,4328,0.853480575823309
M18563,贵州兴新田源烨汽车销售服务有限公司,西区,西区,基盘,,,2189.0,109,0.04979442667884879
M18075,苏州恒昌汽车销售有限公司,东区,东区,基盘,瀚龙集团,退网,4025.0,3538,0.8790062111801242
M18121,扬州天盛达汽车贸易有限公司,东区,东区,基盘,0,退网,5273.0,2366,0.44870092926227956
M18081,泉州盛成汽车销售服务有限公司,南区,南二区,基盘,,,1948.0,497,0.2551334702258727
M18507,六安市泰源汽车销售服务有限公司,中区,中区,基盘,,,1909.0,110,0.057621791513881616
M18052,咸阳伟益汽车销售服务有限公司,西区,西区,基盘,西安骏广,正常,4859.0,2438,0.5017493311380943
M18026,南京天瑞汽车销售服务有限公司,东区,东区,基盘,南京天和,正常,5435.0,3537,0.6507819687212512
M18020,云南行无忧汽车销售有限公司,西区,西区,基盘,,,3284.0,0,0
M18095,内蒙古鸿达汽车销售服务有限公司,北区,北区,基盘,内蒙古鸿达,正常,1978.0,1218,0.6157735085945399
M18067,呼伦贝尔市恒润汽车贸易有限公司,北区,北区,基盘,呼伦贝尔恒润,正常,828.0,449,0.5422705314009661
M18108,三亚优之杰汽车销售服务有限公司,南区,南一区,基盘,,,886.0,0,0
M18078,瑞安市深发汽车销售服务有限公司,东区,东区,基盘,瑞安深发,正常,2989.0,3080,1.0304449648711944
M18017,成都金堂驭马车业有限公司,西区,西区,非基盘,,,1801.0,0,0
M18118,赣州腾马汽车服务有限公司,南区,南二区,基盘,赣州腾马,正常,5662.0,3317,0.5858353938537619
M18036,宝鸡广行汽车销售服务有限公司,西区,西区,基盘,,,2057.0,0,0
M18037,常熟豪骏汽车销售服务有限公司,东区,东区,基盘,0,正常,2872.0,2021,0.7036908077994429
M18077,茂名市京粤名达汽车有限公司,南区,南一区,基盘,,,2120.0,72,0.033962264150943396
A30475,浙江中振贸易有限公司,东区,东区,基盘,,,2073.0,380,0.18330921369995176
A28856,重庆银马汽车销售服务有限公司,西区,西区,基盘,重庆银马,正常,6019.0,4892,0.812759594617046
A13338,东莞市通益汽车销售服务有限公司,南区,南一区,基盘,深圳通利华,正常,6771.0,4838,0.7145177964850096
A32801,辽宁旺达汽车销售服务有限公司,北区,北区,基盘,辽宁旺达,正常,1687.0,1366,0.8097213989330172
A24515,上海弘绅汽车销售服务有限公司,东区,东区,基盘,锦弘集团,正常,3181.0,1763,0.5542282301163156
A18077,深圳通利华福滨汽车服务有限公司,南区,南一区,基盘,深圳通利华,正常,5558.0,3169,0.5701691255847428
A13258,江西江铃海外马自达汽车销售服务有限公司,南区,南二区,基盘,江西江铃海外,正常,5463.0,4157,0.7609372139849899
A26695,南通文峰恒丰汽车销售服务有限公司,东区,东区,基盘,,,2618.0,0,0
A15940,昆明京源达汽车销售有限责任公司,西区,西区,基盘,正能量集团,正常,5421.0,4645,0.8568529791551375
M18895,四川申蓉泓瑞汽车销售服务有限公司,西区,西区,基盘,,,979.0,6,0.006128702757916241
A18056,赤峰新雅迪汽车销售服务有限公司,北区,北区,基盘,赤峰新雅迪,退网,1868.0,1164,0.6231263383297645
A26096,上饶市福铃达汽车有限公司,南区,南二区,基盘,0,正常,3199.0,1436,0.4488902782119412
A21357,泸州安马车业有限公司,西区,西区,基盘,0,退网,1597.0,1283,0.8033813400125235
A13300,泰州天顺达汽车贸易有限公司,东区,东区,基盘,天字集团,正常,4257.0,2015,0.47333803147756637
A14981,江门市振宇汽车销售服务有限公司,南区,南一区,基盘,江门振升,正常,4001.0,3661,0.9150212446888278
A32364,淄博安华汽车销售服务有限公司,中区,中区,基盘,淄博安华,正常,3923.0,2120,0.5404027529951567
A15497,福州龙益汽车销售服务有限公司,南区,南二区,基盘,福州龙益,正常,5617.0,3083,0.5488695032935731
A13289,大连众联达贸易有限公司,北区,北区,基盘,长久集团,正常,2959.0,3626,1.2254139912132478
A13475,西安骏雄汽车销售服务有限公司,西区,西区,基盘,西安骏广,正常,11840.0,6518,0.5505067567567568
A16596,台州市诺亚汽车贸易有限公司,东区,东区,基盘,浙江国赛,正常,4874.0,4379,0.8984407057858023
A13302,合肥建银海康达汽车销售有限公司,中区,中区,基盘,建银集团,正常,6027.0,4830,0.8013937282229965
A14843,南通博泰隆汽车贸易有限公司,东区,东区,基盘,,,2707.0,0,0
A13343,深圳通利华宝安汽车销售服务有限公司,南区,南一区,基盘,深圳通利华,正常,6464.0,3713,0.5744121287128713
A13305,成都东成安邦汽车销售服务有限公司,西区,西区,基盘,成都东成安邦,正常,6642.0,4551,0.6851851851851852
A15116,柳州鑫广达博骏汽车销售服务有限公司,南区,南一区,基盘,长久集团,正常,5968.0,4087,0.6848190348525469
A27235,威海悦祥汽车服务有限公司,中区,中区,基盘,威海悦祥,正常,1906.0,1534,0.8048268625393494
A28381,潮州市德隆汽车贸易有限公司,南区,南一区,基盘,潮州德隆,正常,2724.0,977,0.35866372980910427
A28255,淮北市达马汽车销售服务有限公司,中区,中区,非基盘,,,778.0,0,0
A26095,太仓华洋汽车销售服务有限公司,东区,东区,基盘,0,正常,1796.0,1657,0.9226057906458798
A19775,连云港报业汽车销售服务有限公司,东区,东区,基盘,,,2740.0,658,0.24014598540145984
A22535,江阴市吉威汽车有限公司,东区,东区,非基盘,,,1065.0,328,0.307981220657277
A13291,南京天和汽车销售服务有限公司,东区,东区,基盘,南京天和,正常,5526.0,6742,1.2200506695620703
A17997,武汉银马汽车销售有限公司,中区,中区,基盘,建银集团,正常,8627.0,4396,0.5095629998840848
A26218,乐山市联合东升汽车销售服务有限公司,西区,西区,基盘,乐山联合,正常,2703.0,2237,0.8275989641139475
A13339,惠州市通力达汽车销售服务有限公司,南区,南一区,基盘,深圳通利华,正常,4586.0,4279,0.93305713039686
A13275,烟台泓和汽车销售服务有限公司,中区,中区,基盘,烟台大成,正常,3782.0,2963,0.7834479111581174
A30536,河南鑫马汽车销售服务有限公司,中区,中区,基盘,周口鑫马,正常,3670.0,1971,0.5370572207084469
A28858,清远市骏昇汽车销售服务有限公司,南区,南一区,基盘,0,正常,2389.0,1348,0.5642528254499791
A17996,苏州瀚龙汽车销售有限公司,东区,东区,基盘,瀚龙集团,正常,2491.0,3217,1.2914492171818546
A13318,广西鑫广达长久汽车销售服务有限公司,南区,南一区,基盘,,,7529.0,309,0.041041306946473635
A13261,潍坊东裕车业发展有限公司,中区,中区,基盘,潍坊东裕,正常,3890.0,2743,0.7051413881748072
A13342,珠海市新通达汽车销售服务有限公司,南区,南一区,基盘,深圳通利华,正常,4723.0,4001,0.8471310607664619
A13544,昆山富骏汽车销售服务有限公司,东区,东区,基盘,江苏富骏,正常,4657.0,3716,0.7979385870732231
A22796,陕西广行汽车销售服务有限公司,西区,西区,基盘,西安骏广,正常,9667.0,5149,0.5326368056273921
A21336,佛山骏迪汽车有限公司,南区,南一区,基盘,南宝集团,正常,5731.0,3532,0.6162973303088466
A19820,佛山市耀田汽车有限公司,南区,南一区,基盘,南宝集团,正常,4750.0,3258,0.6858947368421052
A15935,贵州康众汽车销售服务有限公司,西区,西区,基盘,,,4848.0,0,0
A19795,衢州龙达汽车销售服务有限公司,东区,东区,基盘,0,退网,3041.0,1825,0.600131535679053
A27256,驻马店市腾达汽车销售服务有限公司,中区,中区,基盘,,,1925.0,69,0.035844155844155845
A13311,宁波鑫之源汽车有限公司,东区,东区,基盘,宁波鑫之源,正常,7643.0,6876,0.8996467355750359
A13341,佛山海迪汽车有限公司,南区,南一区,基盘,南宝集团,正常,5771.0,3449,0.5976433893605961
A13558,绵阳星鸿达汽车销售服务有限公司,西区,西区,基盘,绵阳星鸿达,正常,3415.0,3731,1.0925329428989752
A29055,宜昌大宏汽车销售有限公司,中区,中区,基盘,宜昌大颜,正常,3475.0,2561,0.7369784172661871
A25540,菏泽祥通汽车销售服务有限公司,中区,中区,基盘,,,1531.0,278,0.18158066623122143
A26216,揭阳恒诚汽车贸易有限公司,南区,南一区,基盘,0,正常,2197.0,1273,0.5794264906690942
A14861,银川瑞鼎汽车销售服务有限公司,西区,西区,基盘,银川瑞鼎,正常,2480.0,1841,0.7423387096774193
A13265,武汉龙泰元汽车销售服务有限公司,中区,中区,基盘,武汉龙泰元,正常,5518.0,2807,0.5086988039144618
A13340,中山市万事得汽车销售服务有限公司,南区,南一区,基盘,中山万事得,正常,3706.0,2704,0.7296276308688613
A13279,河北郡达汽车贸易有限公司,北区,北区,基盘,河北郡达,正常,2891.0,1976,0.6835005188516085
A13136,新疆天汇永达汽车销售服务有限责任公司,西区,西区,非基盘,,,2987.0,0,0
M18390,保定市威达汽车销售服务有限公司,北区,北区,基盘,中冀汽车集团,正常,2082.0,2790,1.340057636887608
A13297,常州外汽永嘉汽车销售服务有限公司,东区,东区,基盘,常州外汽,正常,6264.0,4920,0.7854406130268199
A22780,盐城申大汽车销售服务有限公司,东区,东区,基盘,盐城申大,正常,3481.0,1731,0.4972708991669061
A14982,广西弘骏汽车销售服务有限公司,南区,南一区,基盘,,,5938.0,0,0
A22537,阜阳市广旭汽车销售服务有限公司,中区,中区,非基盘,0,正常,2493.0,1349,0.5411151223425592
A13308,义乌市祥马汽车销售服务有限公司,东区,东区,基盘,赵龙集团,正常,4975.0,4117,0.8275376884422111
A26215,桐乡市振华汽车贸易有限公司,东区,东区,基盘,桐乡振华,正常,4384.0,1853,0.4226733576642336
A15217,杭州骏田汽车有限公司,东区,东区,基盘,广成集团,正常,7715.0,8755,1.134802333117304
A14837,无锡市东方运达汽车销售服务有限公司,东区,东区,基盘,东方新纪元,正常,4531.0,3637,0.8026925623482675
A13314,海口优之杰汽车服务有限公司,南区,南一区,基盘,海口优之杰,正常,6790.0,7047,1.0378497790868926
A19776,邢台蓝池跃龙汽车服务有限公司,北区,北区,基盘,邢台蓝池,正常,1968.0,1246,0.633130081300813
A18055,吉林省瑞祥汽车销售服务有限公司,北区,北区,非基盘,0,正常,2103.0,1919,0.9125059438896814
M18520,嘉兴市禾通汽车销售服务有限公司,东区,东区,基盘,嘉兴禾通,正常,3708.0,2505,0.6755663430420712
M18561,四川中鹏汽车销售服务有限公司,西区,西区,基盘,四川中鹏,正常,5753.0,4799,0.8341734747088475
M18539,南通银达汽车销售服务有限公司,东区,东区,基盘,南通银达,正常,3585.0,3458,0.9645746164574617
M18537,上海路帅汽车销售有限公司,东区,东区,基盘,0,正常,3141.0,2990,0.9519261381725566
M18526,上海景和金沙汽车销售有限公司,东区,东区,基盘,上海景和,正常,2273.0,2322,1.0215574131104268
M18571,重庆万事新汽车销售服务有限公司,西区,西区,基盘,重庆万事新,正常,4167.0,3832,0.9196064314854812
M18511,温州将军汽车销售服务有限公司,东区,东区,基盘,温州将军,正常,3349.0,2502,0.7470886831890117
M18393,浙江元通瑞达汽车有限公司,东区,东区,基盘,,,13042.0,830,0.06364054592853857
M18270,山东惠骋汽车贸易有限公司,中区,中区,基盘,山东顺骋集团,正常,1428.0,4625,3.238795518207283
M23002,重庆瀚达汽车销售服务有限公司,西区,西区,基盘,0,正常,616.0,1805,2.9301948051948052
M23003,湖州长马汽车销售服务有限公司,东区,东区,基盘,湖州长马,正常,611.0,1950,3.1914893617021276
M18896,阿克苏笑好信恒汽车销售服务有限公司,西区,西区,基盘,笑好集团,正常,334.0,384,1.1497005988023952
M23001,佳木斯嘉达汽车销售服务有限公司,北区,北区,基盘,佳木斯嘉达,正常,339.0,267,0.7876106194690266
M18912,西藏鼎恒实业有限公司,西区,西区,,西藏鼎恒,,107.0,127,1.1869158878504673
M18911,伊宁市笑好泓源汽车服务有限公司,西区,西区,,0,,125.0,578,4.624
M18388,邢台弘美汽车销售有限公司,北区,北区,,,,738.0,0,0
M18176,惠州市通利华汽车贸易有限公司,南区,南一区,,,,2178.0,0,0
M18183,曲靖驭马汽车销售服务有限公司,西区,西一区,,,,839.0,0,0
M18296,河北王世汽车贸易有限公司,北区,北区,,,,474.0,0,0
M18583,东莞市欣达汽车销售服务有限公司,南区,南一区,,,,637.0,0,0
M18606,长沙博程骏粤汽车销售有限公司,南区,南二区,,,,1496.0,10,0.0066844919786096255
M18618,广州美轮丰达汽车有限公司,南区,南一区,,,,678.0,0,0
M18342,衡阳驭马汽车销售服务有限公司,南区,南二区,,,,288.0,0,0
M18577,襄阳战轩汽车销售服务有限公司,中区,中区,,,,39.0,0,0
M18356,福州杰龙车业发展有限公司,南区,南一区,,,,485.0,0,0
M18273,沈阳鑫盛达汽车销售有限公司,北区,北区,,,,894.0,0,0
M18185,黄石建银金马汽车销售有限公司,中区,中区,,,,825.0,0,0
M18385,威海驰航豪马汽车销售服务有限公司,中区,中区,,,,284.0,0,0
M18282,赤峰泽泰汽车销售服务有限公司,北区,北区,,,,578.0,0,0
M18289,青岛恒昌汽车销售有限公司,中区,中区,,,,405.0,0,0
M18380,大连中晨先达汽车销售服务有限公司,北区,北区,,,,133.0,0,0
M18210,上海弘尧汽车销售服务有限公司,东区,东区,,,,560.0,0,0
M18188,重庆金菱凯歌汽车销售服务有限公司,西区,西区,,,,2342.0,0,0
M18589,台州市隆马汽车销售服务有限公司,东区,东区,,,,716.0,0,0
M18578,昆明金益汽车销售服务有限公司,西区,西区,,,,480.0,0,0
M18127,云浮美轮庆达汽车有限公司,南区,南一区,,,,486.0,0,0
M18512,温州华祺汽车销售服务有限公司,东区,东区,,,,318.0,0,0
M18177,平顶山瑞昊汽车销售服务有限公司,中区,中区,,,,406.0,0,0
M18621,广州广物德远汽车销售服务有限公司,南区,南一区,,,,179.0,0,0
M18559,湛江市马之悦汽车服务有限公司,南区,南一区,,,,58.0,0,0
M18379,吉林市嘉华汽车销售服务有限公司,北区,北区,,,,32.0,0,0
M18572,重庆印象汽车销售服务有限公司,西区,西区,,,,146.0,0,0
M18357,肇庆美轮庆马汽车有限公司,南区,南一区,,,,451.0,0,0
M18399,宜春华达汽车销售服务有限公司,南区,南二区,,,,1385.0,0,0
M18072,重庆市驰星汽车销售有限公司,西区,西一区,,,,1264.0,0,0
M18527,南京通孚源汽车销售服务有限公司,东区,东区,,,,2946.0,94,0.031907671418873046
M18576,陕西润达汽车销售服务有限公司,西区,西二区,,,,4136.0,0,0
M18016,自贡市志云汽车维修有限公司,西区,西一区,,,,1027.0,0,0
M18074,上海绿地汽车销售有限公司,东区,东区,,,,2614.0,0,0
M18521,吴江市东顺汽车销售服务有限公司,东区,东区,,,,2778.0,0,0
A28378,台州诺亚方舟汽车有限公司,东区,东区,,,,2050.0,0,0
M18006,保定市振茂汽车贸易有限公司,北区,北区,,,,1677.0,0,0
A27675,许昌市锦天汽车销售服务有限公司,中区,中区,,,,1427.0,0,0
M18092,上海恒昌汽车销售有限公司,东区,东区,,,,2195.0,0,0
M18045,酒泉海博汽车销售有限公司,西区,西二区,,,,742.0,0,0
M18135,阳江市通利华汽车服务有限公司,南区,南一区,,,,2501.0,0,0
M18103,盘锦路华汽车销售服务有限公司,北区,北区,,,,323.0,0,0
M18556,江门博腾汽车有限公司,南区,南一区,,,,1399.0,0,0
M18612,清远市中衡骏达汽车销售服务有限公司,南区,南一区,,,,889.0,0,0
M18091,河南新鑫源汽车销售有限公司,中区,中区,,,,3150.0,0,0
M18330,河南冠豪汽车销售有限公司,中区,中区,,,,1893.0,0,0
M18398,杭州富阳万达汽车贸易有限公司,东区,东区,,,,1275.0,0,0
M18139,河源市宝恒汽车销售有限公司,南区,南一区,,,,1003.0,0,0
M18355,晋江成达汽车销售服务有限公司,南区,南二区,,,,1200.0,0,0
M18150,新疆广利汽车有限公司,西区,西区,,,,812.0,0,0
M18034,宁海德盛汽车销售服务有限公司,东区,东区,,,,2244.0,1,0.000445632798573975
M18287,青州长兴汽车贸易有限公司,中区,中区,,,,596.0,0,0
M18068,漳州富骏汽车有限公司,南区,南二区,,,,1390.0,0,0
M18058,亳州国隆汽车销售服务有限公司,中区,中区,,,,1115.0,0,0
A32363,信阳市盛达汽车销售服务有限公司,中区,中区,,,,1673.0,0,0
M18111,蚌埠市祥隆汽车销售有限责任公司,中区,中区,,,,1363.0,0,0
A27901,通辽市新雅迪汽车销售有限公司,北区,北区,,,,1005.0,0,0
M18309,北京博瑞翔达汽车销售服务有限公司,北区,北区,,,,1372.0,0,0
M18611,百色方泰汽车销售服务有限公司,南区,南一区,,,,854.0,0,0
M18085,新疆天汇华龙汽车销售服务有限公司,西区,西区,,,,890.0,0,0
M18047,新疆汇众天祥汽车贸易有限公司,西区,西二区,,,,2385.0,0,0
M18125,眉山市御程汽车销售服务有限公司,西区,西一区,,,,1642.0,0,0
M18136,玉溪市珊瑚汽车销售服务有限公司,西区,西区,,,,578.0,0,0
M18010,益阳福顺福达汽车销售服务有限公司,南区,南二区,,,,514.0,182,0.3540856031128405
M18275,辽阳合兴汽车销售服务有限公司,北区,北区,,,,339.0,0,0
M18030,沧州世纪伟业汽车销售服务有限公司,北区,北区,,,,475.0,0,0
M18011,苏州广特汽车销售服务有限公司,东区,东区,,,,189.0,0,0
M18525,信阳鑫联汽车销售服务有限公司,中区,中区,,,,1106.0,0,0
M18107,焦作市宏海轿车销售服务有限公司,中区,中区,,,,960.0,0,0
M18582,达州市天一航旗铭峻汽车销售有限公司,西区,西区,,,,719.0,0,0
M18060,成都万友汽贸服务有限公司达川分公司,西区,西区,,,,782.0,0,0
M18004,秦皇岛市全弘汽车销售有限公司,北区,北区,,,,566.0,0,0
M18027,大同市宝骏汽车销售有限责任公司,北区,北区,,,,135.0,0,0
M18281,内蒙古燕达汽车销售服务有限公司,北区,北区,,,,652.0,0,0
M18620,太仓博泰汽车销售服务有限公司,东区,东区,,,,974.0,0,0
M18098,河北兴旅汽车贸易有限公司,北区,北区,,,,1282.0,0,0
M18340,扬州华美达汽车销售服务有限公司,东区,东区,,,,703.0,0,0
M18119,云南万友汽车销售服务有限公司大理泛亚分公司,西区,西区,,,,642.0,0,0
M18288,青岛中联信汽车管理有限公司,中区,中区,,,,1167.0,0,0
M18086,江西江铃海外福马汽车销售服务有限公司,南区,南二区,,,,524.0,0,0
M18369,青海泰洲弘车辆销售有限公司,西区,西区,,,,581.0,0,0
M18053,唐山全弘汽车销售服务有限公司,北区,北区,,,,630.0,0,0
M18161,淮安雨田广源汽车销售服务有限公司,东区,东区,,,,1299.0,0,0
M18024,锦州盛世鸿达汽车销售服务有限公司,北区,北区,,,,106.0,0,0
M18005,安徽明泰汽车销售服务有限公司,中区,中区,,,,465.0,0,0
M18164,临沂骁华汽车销售服务有限公司,中区,中区,,,,733.0,0,0
M18096,汕头市通利华汽车服务有限公司,南区,南一区,,,,2612.0,0,0
M18123,永州津湘万达汽车销售服务有限公司,南区,南二区,,,,820.0,0,0
M18104,无锡嘉现汽车销售服务有限公司,东区,东区,,,,750.0,0,0
M18082,甘肃海悦汽车销售有限公司,西区,西区,,,,501.0,0,0
M18120,盘锦富田富达汽车销售服务有限公司,北区,北区,,,,237.0,0,0
M18044,湛江合田汽车销售服务有限公司,南区,南一区,,,,448.0,0,0
M18336,常州外汽金程汽车销售服务有限公司,东区,东区,,,,1535.0,0,0
M18506,芜湖华达汽车销售服务有限公司,中区,中区,,,,1340.0,0,0
M18156,成都万友汽贸服务有限公司宜宾分公司,西区,西区,,,,838.0,0,0
M18112,青海海众汽车销售有限公司,西区,西区,,,,459.0,0,0
M18033,安徽裕兴隆汽车销售服务有限公司,中区,中区,,,,1878.0,0,0
M18046,延边利达汽车销售服务有限公司,北区,北区,,,,117.0,0,0
M18056,杭州富阳骏豪汽车有限公司,东区,东区,,,,1623.0,0,0
M18021,宜春津湘万华汽车销售服务有限公司,南区,南二区,,,,2170.0,0,0
M18064,中山市中洋汽车贸易有限公司,南区,南一区,,,,1819.0,0,0
M18054,齐齐哈尔昊海航通汽车销售服务有限公司,北区,北区,,,,350.0,0,0
M18327,开封市恒嘉汽车销售服务有限公司,中区,中区,,,,246.0,0,0
M18116,郴州万马汽车销售服务有限公司,南区,南二区,,,,952.0,0,0
M18172,庆阳景驰汽车销售有限公司,西区,西区,,,,136.0,0,0
M18065,衡水恒祥汽车销售服务有限公司,北区,北区,,,,241.0,0,0
M18093,安庆宜之星汽车销售服务有限公司,中区,中区,,,,2646.0,0,0
M18076,龙岩富骏汽车有限公司,南区,南二区,,,,373.0,0,0
M18529,连云港上达汽车销售服务有限公司,东区,东区,,,,1318.0,0,0
M18579,四川城市车辆维修服务有限公司,西区,西区,,,,1794.0,0,0
M18372,湖北捷运宜马汽车销售服务有限公司,中区,中区,,,,118.0,0,0
M18008,东营天顺汽车销售服务有限责任公司,中区,中区,,,,62.0,0,0
M18117,贵州十和田吉胜汽车有限公司,西区,西区,,,,1934.0,0,0
M18157,安阳市众帮汽车销售有限公司,中区,中区,,,,428.0,0,0
M18505,宿州蓝航汽车销售服务有限公司,中区,中区,,,,362.0,0,0
M18040,沈阳大中联汽车销售服务有限公司,北区,北区,,,,2741.0,0,0
M18101,邵阳津湘万华汽车销售服务有限公司,南区,南二区,,,,1172.0,0,0
M18166,重庆骐骊来汽车销售服务有限公司,西区,西区,,,,1975.0,0,0
M18588,苍南县荣睿汽车销售服务有限公司,东区,东区,,,,540.0,0,0
M18152,广州市华刊汽车有限公司,南区,南一区,,,,1642.0,0,0
M18560,宜宾一马汽车销售服务有限公司,西区,西区,,,,526.0,0,0
M18552,三明鹭翔汽车销售服务有限公司,南区,南一区,,,,398.0,0,0
M18509,安庆宜马汽车销售服务有限公司,中区,中区,,,,787.0,0,0
M18129,丹阳天盛汽车销售服务有限公司,东区,东区,,,,930.0,0,0
M18151,泰安津湘万隆汽车销售服务有限公司,中区,中区,,,,1019.0,0,0
M18059,滨州市车博士汽车维修服务有限公司,中区,中区,,,,138.0,0,0
M18048,荆门建银金马汽车销售服务有限公司,中区,中区,,,,1361.0,0,0
M18155,邯郸市信捷中天汽车服务有限公司,北区,北区,,,,999.0,0,0
M18292,济宁福乐途汽车贸易有限公司,中区,中区,,,,590.0,0,0
M18062,吉林省汇和丰盛汽车销售服务有限公司,北区,北区,,,,1075.0,0,0
M18106,梅州市通利华汽车服务有限公司,南区,南一区,,,,1246.0,0,0
M18162,武汉建银福马汽车销售有限公司,中区,中区,,,,2538.0,0,0
M18132,阜新鑫通汽车销售服务有限公司,北区,北区,,,,295.0,0,0
M18500,上饶戎马汽车销售服务有限公司,南区,南二区,,,,649.0,0,0
M18057,随州市鑫达汽车销售服务有限公司,中区,中区,,,,1041.0,0,0
M18087,运城市中星汽车销售有限公司,北区,北区,,,,208.0,0,0
M18367,云南正马汽车销售服务有限公司,西区,西区,,,,2118.0,0,0
A25537,攀枝花驭马车业有限公司,西区,西区,,,,93.0,0,0
M18317,舟山明桥汽车销售服务有限公司,东区,东区,,,,1003.0,0,0
M18113,新乡市新之源汽车销售有限公司,中区,中区,,,,766.0,0,0
M18115,恩施大晟汽车销售有限公司,中区,中区,,,,389.0,0,0
M18513,绍兴诸暨爱马汽车有限公司,东区,东区,,,,532.0,0,0
M18158,聊城津湘万华汽车销售服务有限公司,中区,中区,,,,573.0,0,0
M18084,阿克苏天汇华荣汽车销售服务有限公司,西区,西区,,,,207.0,0,0
M18366,遵义锦驰汽车有限公司,西区,西区,,,,593.0,0,0
M18110,荆州建银金马汽车销售有限公司,中区,中区,,,,874.0,0,0
M18097,云南万友汽车销售服务有限公司蒙自万佳分公司,西区,西区,,,,787.0,0,0
M18580,陕西欣达汽车贸易有限公司,西区,西区,,,,3318.0,0,0
A13317,温州中信汽车销售服务有限公司,东区,东区,,,,2985.0,0,0
A13310,重庆市渝高汽车销售服务有限公司,西区,西一区,,,,4286.0,0,0
M18302,晋城市长淮汽车销售服务有限公司,北区,北区,,,,503.0,0,0
M18535,常熟市华通汽车销售服务有限公司,东区,东区,,,,1729.0,0,0
M18518,宁波宏亚汽车销售服务有限公司,东区,东区,,,,633.0,0,0
A15775,广州市华灵汽车销售有限公司,南区,南一区,,,,3759.0,0,0
M18277,松原市征途路达汽车销售有限公司,北区,北区,,,,425.0,142,0.3341176470588235
A26715,福建源和汽车销售服务有限公司,南区,南二区,,,,3741.0,0,0
A22775,商丘市耀辉汽车销售有限公司,中区,中区,,,,1312.0,11,0.008384146341463415
M18295,长治市汇众汇达汽车销售服务有限公司,北区,北区,,,,926.0,0,0
A13316,台州通利达汽车有限公司,东区,东区,,,,732.0,0,0
M18569,宁夏自立升汽车销售服务有限公司,西区,西区,,,,1165.0,0,0
M18346,柳州鑫广达汽车销售服务有限公司,南区,南一区,,,,2192.0,0,0
M18291,聊城金源汽车销售服务有限公司,中区,中区,,,,591.0,0,0
A26615,甘肃海丰汽车销售有限公司,西区,西区,,,,2028.0,0,0
M18533,张家港通城汽车销售服务有限公司,东区,东区,,,,2264.0,0,0
M18510,安徽伟新行汽车销售服务有限公司,中区,中区,,,,1576.0,143,0.09073604060913705
A18937,湖州长鸿汽车销售服务有限公司,东区,东区,,,,3606.0,0,0
M18515,绍兴瑞达汽车有限公司,东区,东区,,,,2534.0,0,0
M18608,郴州大利汽车销售服务有限公司,南区,南二区,,,,410.0,0,0
M18378,鞍山北方马自达汽车销售服务有限公司,北区,北区,,,,386.0,0,0
M18517,宁波中基鑫通达汽车销售服务有限公司,东区,东区,,,,2547.0,0,0
A18036,南阳华隆汽车贸易有限公司,中区,中区,,,,1913.0,0,0
M18553,福建太元马自达汽车销售服务有限公司,南区,南二区,,,,1822.0,0,0
M18522,苏州浚和汽车销售服务有限公司,东区,东区,,,,2575.0,0,0
A18955,合肥新海和信汽车有限公司,中区,中区,,,,2568.0,0,0
M18536,上海通锐汽车销售服务有限公司,东区,东区,,,,1860.0,0,0
A13775,临沂永华汽车销售服务有限公司,中区,中区,,,,1995.0,0,0
A13260,济南震东汽车有限公司,中区,中区,,,,1816.0,0,0
M18360,深圳市通利华汽车销售服务有限公司,南区,南一区,,,,1722.0,0,0
A25958,上海弘翔汽车销售服务有限公司,东区,东区,,,,0.0,0,
A13286,上海恒昌银都汽车销售有限公司,东区,东区,,,,2489.0,0,0
A15575,大庆市瑞玉百申汽车销售有限公司,北区,北区,,,,279.0,0,0
A13315,嘉兴市中信汽车销售有限公司,东区,东区,,,,3915.0,0,0
M18585,泰州明雅汽车销售服务有限公司,东区,东区,,,,1024.0,0,0
A13256,北京博瑞祥浓汽车销售服务有限公司,北区,北区,,,,1348.0,0,0
M18397,杭州睿马汽车有限公司,东区,东区,,,,1841.0,0,0
M18293,德州通达汽车销售服务有限公司,中区,中区,,,,289.0,0,0
M18570,重庆云迅汽车销售服务有限公司,西区,西区,,,,2227.0,0,0
M18335,江阴市盛达佳颖汽车销售有限公司,东区,东区,,,,5396.0,0,0
A16677,湖南万华汽车销售服务有限公司,南区,南二区,,,,2680.0,0,0
A13542,上海绿地浦成汽车销售服务有限公司,东区,东区,,,,2202.0,0,0
M18609,常德时代阳光汽车销售服务有限公司,南区,南二区,,,,852.0,0,0
M18310,济南明盛汽车销售服务有限公司,中区,中区,,,,981.0,0,0
A13536,北京东仁庆开汽车销售服务有限公司,北区,北区,,,,887.0,0,0
A18076,青海金岛星马汽车销售有限公司,西区,西区,,,,651.0,0,0
A25175,西藏新东方汽车销售服务有限公司,西区,西二区,,,,478.0,0,0
M18532,宜兴市荣诚汽车销售服务有限公司,东区,东区,,,,828.0,0,0
M18502,赣州金马汽车销售服务有限公司,南区,南二区,,,,1611.0,0,0
A25176,佳木斯鑫维汽车销售服务有限公司,北区,北区,,,,95.0,0,0
M18531,镇江维力达汽车销售有限公司,东区,东区,,,,949.0,0,0
M18516,绍兴骏捷汽车有限公司,东区,东区,,,,1673.0,0,0
A22539,衡阳津湘万华汽车销售服务有限公司,南区,南二区,,,,2943.0,0,0
A18075,陕西榆林金岛汽车销售有限公司,西区,西区,,,,157.0,0,0
M18566,德阳永信汽车销售服务有限公司,西区,西区,,,,1067.0,0,0
A27899,丽水天盛汽车销售服务有限公司,东区,东区,,,,767.0,0,0
M18508,阜阳赛达汽车销售服务有限公司,中区,中区,,,,814.0,0,0
A13548,劲达汽车销售服务(深圳)有限公司,南区,南一区,,,,1321.0,0,0
A23795,南充通安汽车有限公司,西区,西区,,,,1233.0,0,0
A15937,成都通安汽车有限公司,西区,西区,,,,1960.0,0,0
M18396,杭州森悦一达汽车有限公司,东区,东区,,,,3895.0,0,0
A27895,枣庄贵翔汽车销售服务有限公司,中区,中区,,,,37.0,0,0
A13336,泉州益成汽车贸易发展有限公司,南区,南二区,,,,533.0,0,0
M18345,三亚优之杰汽车服务有限公司,南区,南一区,,,,511.0,0,0
A15515,洛阳高隆汽车销售有限公司,中区,中区,,,,370.0,0,0
A18078,徐州晖宏汽车贸易有限公司,东区,东区,,,,2972.0,0,0
A27260,湖北爱康宏通汽车销售服务有限公司,中区,中区,,,,410.0,0,0
M18601,临海市驭马汽车销售服务有限公司,东区,东区,,,,634.0,0,0
A13337,厦门市盛成汽车服务有限公司,南区,南二区,,,,970.0,0,0
A25177,河南新宏源汽车销售服务有限公司,中区,中区,,,,1335.0,0,0
A26217,常德万通汽车销售服务有限公司,南区,南二区,,,,2088.0,0,0
M18603,许昌正通马六汽车销售服务有限公司,中区,中区,,,,1344.0,0,0
A18057,山东世东天祥汽车有限公司,中区,中区,,,,2423.0,0,0
A14863,包头市利丰泰迪汽车服务有限责任公司,北区,北区,,,,92.0,0,0
M18348,桂林鑫广达博达汽车销售服务有限公司,南区,南一区,,,,1330.0,0,0
A13778,广州市福犸汽车有限公司,南区,南一区,,,,1390.0,0,0
M18586,江苏乾丰汽车销售有限公司,东区,东区,,,,1872.0,0,0
A13309,金华振宇汽车贸易有限公司,东区,东区,,,,1753.0,0,0
M18387,张家口庞大赫峰汽车销售服务有限公司,北区,北区,,,,323.0,0,0
A26655,贵州康胜汽车销售服务有限公司,西区,西区,,,,496.0,0,0
M18607,岳阳华通汽车销售服务有限公司,南区,南二区,,,,749.0,0,0
A28857,四川港宏鼎鑫汽车销售服务有限公司,西区,西区,,,,4878.0,0,0
M18300,山西汇众汇达汽车销售服务有限公司,北区,北区,,,,1174.0,0,0
A13290,沈阳新中联汽车销售服务有限公司,北区,北区,,,,793.0,0,0
A13267,湖南万达汽车销售服务有限公司,南区,南二区,,,,4451.0,0,0
M18301,廊坊庞大赫峰汽车销售服务有限公司,北区,北区,,,,458.0,0,0
A13304,杭州骏兴汽车有限公司,东区,东区,,,,5783.0,0,0
M18528,森风集团盐城义德汽车有限公司,东区,东区,,,,898.0,0,0
M18338,昆山豪骏汽车销售服务有限公司,东区,东区,,,,769.0,0,0
M18382,哈尔滨乾丰汽车销售服务有限责任公司,北区,北区,,0,,1418.0,1793,1.2644569816643159
M18581,陕西唐兴汽车销售服务有限公司,西区,西区,,,,3375.0,611,0.18103703703703702
M18551,佛山市合自达汽车销售服务有限公司,南区,南一区,,,,1727.0,0,0
M18503,台州运通博阳汽车销售服务有限公司,东区,东区,,,,1801.0,0,0
M18395,浙江孚达汽车有限公司,东区,东区,,,,2393.0,0,0
M18383,烟台大成金马汽车销售服务有限公司,中区,中区,,,,1949.0,0,0
M18278,吉林省华达汽车销售服务有限公司,北区,北区,,,,3180.0,0,0
M18587,苏州苏天汽车销售服务有限公司,东区,东区,,,,2039.0,0,0
M18523,苏州国亚达汽车服务有限公司,东区,东区,,,,2052.0,0,0
M18615,珠海市钜荣汽车贸易有限公司,南区,南一区,,,,1097.0,0,0
M18343,湖南长驰瑞马汽车销售服务有限公司,南区,南二区,,,,3058.0,0,0
M18279,大连百利加汽车贸易有限公司,北区,北区,,,,1660.0,0,0
M18557,东莞市新天地汽车销售服务有限公司,南区,南一区,,,,2675.0,0,0
M18368,新疆华达汽车销售服务有限责任公司,西区,西二区,,,,2597.0,0,0
M18280,吉林省国兴汽车服务有限公司,北区,北区,,,,1050.0,0,0
M18290,临沂骏骐汽车贸易有限公司,中区,中区,,,,1492.0,0,0
M18332,无锡市众达汽车销售服务有限公司,东区,东区,,,,2194.0,0,0
M18550,佛山市中衡骏达汽车销售服务有限公司,南区,南一区,,,,2292.0,0,0
M18567,成都明友西物汽车贸易有限公司,西区,西区,,,,3881.0,0,0
M18386,山东新骏汽车销售服务有限公司,中区,中区,,,,917.0,0,0
M18605,长沙德顺汽车销售服务有限公司,南区,南二区,,,,1974.0,0,0
M18339,上海绿地东汽车销售有限公司,东区,东区,,,,1573.0,0,0
M18312,江西戎马汽车发展有限公司,南区,南二区,,,,1441.0,0,0
M18315,温州华腾汽车销售服务有限公司,东区,东区,,,,1491.0,0,0
M18350,广州成远汽车有限公司,南区,南一区,,,,1760.0,0,0
M18262,北京东仁隆达汽车销售服务有限公司,北区,北区,,,,1737.0,0,0
M18321,义乌市龙马汽车销售有限公司,东区,东区,,,,1710.0,0,0
M18392,山东鸿达汽车发展有限公司,中区,中区,,,,525.0,0,0
M18308,北京车豪汽车有限公司,北区,北区,,,,660.0,0,0
M18329,河南裕华紫光汽车销售有限公司,中区,中区,,,,1535.0,0,0
M18616,贵州四扬日达汽车销售服务有限公司,西区,西区,,,,407.0,0,0
M18311,杭州骏马汽车销售服务有限公司,东区,东区,,,,2582.0,0,0
M18558,惠州市大华汽车销售有限公司,南区,南一区,,,,1742.0,0,0
M18575,武汉利达汽车销售有限责任公司,中区,中区,,,,1943.0,0,0
M18568,成都东成汽车销售服务有限公司,西区,西区,,,,2969.0,0,0
M18602,湖州康宏汽车有限公司,东区,东区,,,,1225.0,0,0
M18358,深圳通利华龙岗汽车销售服务有限公司,南区,南一区,,,,2865.0,0,0
M18591,潍坊天虹汽车销售服务有限公司,中区,中区,,,,994.0,0,0
M18391,天津市中乒北骏汽车销售有限公司,北区,北区,,,,473.0,0,0
M18272,沈阳中联汽车服务有限公司,北区,北区,,,,3254.0,0,0
M18555,深圳市众深联汽车贸易有限公司,南区,南一区,,,,893.0,0,0
M18590,浙江康桥宏马汽车有限公司,东区,东区,,,,465.0,0,0
M18318,宁波鑫之恒汽车有限公司,东区,东区,,,,2024.0,0,0
M18303,天津市骏达汽车销售服务有限公司,北区,北区,,,,1350.0,0,0
M18501,江西省亚泰汽车贸易有限公司,南区,南二区,,,,1522.0,0,0
M18316,安徽亚达汽车销售服务有限公司,中区,中区,,,,1023.0,0,0
M18530,江苏远方汽车工贸实业有限责任公司,东区,东区,,,,1289.0,0,0
M18381,哈尔滨森华汽车销售服务有限公司,北区,北区,,,,1418.0,0,0
M18337,常州神马汽车销售服务有限公司,东区,东区,,,,2048.0,0,0
M18205,珠海市通华汽车销售服务有限公司,南区,南一区,,,,1144.0,0,0
M18890,大理万福汽车销售服务有限公司泛亚分公司,西区,西区,,,,46.0,0,0
M18225,遂宁广盛众达汽车销售服务有限公司,西区,西一区,,,,395.0,0,0
M18191,宁波创驰汽车有限公司,东区,东区,,,,918.0,0,0
M18208,毕节福马汽车销售服务有限公司,西区,西区,,,,768.0,0,0
M18202,东莞市昊天林汽车销售服务有限公司,南区,南一区,,,,1455.0,0,0
M18211,惠州市裕惠诚汽车销售服务有限公司,南区,南一区,,,,829.0,0,0
M18237,湛江市万马汽车销售服务有限公司,南区,南一区,,,,519.0,593,1.142581888246628
M18171,贵州万友汽车销售服务有限公司钦州分公司,南区,南一区,,,,1583.0,0,0
M18783,南阳裕华紫光汽车销售服务有限公司,中区,中区,,,,0.0,0,
M18684,山东东骏达汽车销售服务有限公司,中区,中区,,,,0.0,0,
M18771,泰安高速达汽车销售服务有限公司,中区,中区,,,,0.0,0,
M18223,北京永驰长铃商贸有限责任公司,北区,北区,,,,273.0,0,0
A22540,运城市鑫立达汽车销售有限公司,北区,北区,,,,0.0,0,
M18636,茂名市骏大汽车销售有限公司,南区,南一区,,,,8.0,0,0
M18675,青岛润达汽车销售服务有限公司,中区,中区,,,,0.0,0,
M18679,北京运通博恩汽车销售服务有限公司,东区,东区,,,,0.0,0,
M18707,启东文峰伟达汽车销售服务有限公司,东区,东区,,,,1.0,0,0
M18228,厦门胜华昌汽车销售有限公司,南区,南二区,,,,786.0,0,0
A13263,河南涌盛汽车销售有限公司,中区,中区,,,,0.0,0,
A27215,滨州市圣钦汽贸有限公司,中区,中区,,,,0.0,0,
A27900,唐山盛远汽车销售服务有,北区,北区,,,,0.0,0,
A13299,苏州六和汽车销售有限公司,东区,东区,,,,0.0,0,
M18788,重庆银迅汽车销售服务有限公司,西区,西区,,,,0.0,0,
M18739,曲靖元森经贸有限公司,西区,西区,,,,0.0,0,
A13264,淄博久期润宏汽车销售有限公司,中区,中区,,,,0.0,0,
A23915,聊城北斗泰达汽车销售有限公司,中区,中区,,,,0.0,0,
M18630,呼伦贝尔市融和一汽马自达轿车销售服务有限公司,北区,北区,,,,0.0,0,
M18634,重庆誉达汽车销售服务有限公司,西区,西区,,,,0.0,0,
M18625,深圳市安进投资有限公司,南区,南一区,,,,0.0,0,
M18646,通化冠喆汽车销售服务有限公司,北区,北区,,,,107.0,0,0
M18100,青岛恒金汽车销售有限公司,中区,中区,,,,0.0,0,
M18640,连云港众达汽车销售服务有限公司,东区,东区,,,,0.0,0,
M18904,长春第一汽车服务贸易有限公司汽车销售中心,北区,北区,,,,1811.0,0,0
A14836,东营长信汽车销售有限公司,中区,中区,,,,0.0,0,
M18699,山东鼎泰汽车销售有限公司,中区,中区,,,,0.0,0,
M18019,宁夏怡和恒信汽车销售服务有限公司,西区,西区,,,,0.0,0,
M18779,北京联拓诚信商贸有限公司,北区,北区,,,,0.0,0,
M18682,北京天一恒远汽车销售服务有限责任公司,北区,北区,,,,673.0,0,0
A24495,枣庄泉源汽车销售,中区,中区,,,,0.0,0,
M18652,广东万保汽车贸易有限公司,南区,南一区,,,,0.0,0,
A13540,天津市精开隆国际贸易有限公司,北区,北区,,,,0.0,0,
M18686,南京聚达汽车销售服务股份有限公司,东区,东区,,,,1.0,0,0
M18693,广州睿翼汽车有限公司,南区,南一区,,,,85.0,0,0
M18676,宁波市凯达汽车销售服务有限公司*,东区,东区,,,,0.0,0,
M18789,开封市容基汽车销售服务有限公司,中区,中区,,,,274.0,0,0
M18708,四平建达汽车销售服务有限公司,北区,北区,,,,3.0,0,0
M18641,葫芦岛腾达汽车销售服务有限公司,北区,北区,,,,0.0,0,
M18638,浙江物产元通国际汽车广场有限公司,东区,东区,,,,0.0,0,
M18622,杭州一猫汽车科技服务有限公司唐山第二分公司,北区,北区,,,,0.0,0,
M18776,汕头市华浩汽车有限公司,南区,南一区,,,,1.0,0,0
M18663,吉林省吉翔汽车贸易有限公司,北区,北区,,,,0.0,0,
A13312,重庆新高汽车销售有限公司,西区,西区,,,,0.0,0,
M18629,嘉兴康宏汽车销售服务有限公司,东区,东区,,,,0.0,0,
CMA,长安马自达汽车销售分公司,东区,东区,,,,265.0,0,0
M18721,湖北顺驰汽车销售服务有限公司,中区,中区,,,,0.0,0,
A26676,丹阳市广胜天意汽车服务有限公司,东区,东区,,,,0.0,0,
M18728,江门市庆丰汽车销售服务有限公司,南区,南一区,,,,1.0,0,0
M18767,邢台庞大赫峰汽车销售服务有限公司,北区,北区,,,,84.0,0,0
A25535,衡水文达汽车贸易有限责任公司,北区,北区,,,,0.0,0,
M18719,洛阳中达汽车销售服务有限公司,中区,中区,,,,0.0,0,
M18635,福建荣基汽车有限公司,南区,南二区,,,,0.0,0,
M18219,洛阳亘煜汽车销售有限公司,中区,中区,,,,172.0,0,0
M18716,河南弘通汽车销售服务有限公司,中区,中区,,,,0.0,0,
M18740,上海泰士杰汽车销售有限公司,东区,东区,,,,0.0,0,
M18660,南京聚诚汽车销售服务有限责任公司,东区,东区,,,,2.0,0,0
M00001,长安马自达,东区,东区,,,,0.0,0,
M18742,滨州运达汽车销售服务有限公司,中区,中区,,,,0.0,0,
M18359,深圳通利华汽车服务有限公司,南区,南一区,,,,2586.0,0,0
A27255,厦门和齐汽车销售有限公司,南区,南二区,,,,0.0,0,
M18674,杭州爱马汽车有限公司,东区,东区,,,,0.0,0,
M18790,怀化市骏轩汽车销售服务有限公司,南区,南二区,,,,0.0,0,
M18688,宁波鑫之杰汽车有限公司,东区,东区,,,,0.0,0,
M18720,一汽汽车直销中心,北区,北区,,,,0.0,0,
M18035,天津市鑫亿阔汽车销售服务有限公司,北区,北区,,,,0.0,0,
M18773,重庆万事兴汽车销售服务有限公司,西区,西区,,,,2161.0,0,0
M18667,包头金自汽车销售服务有限公司,北区,北区,,,,2.0,0,0
M18626,公安部警用装备采购中心,东区,东区,,,,0.0,0,
M18791,广东中衡汽车贸易有限公司,南区,南一区,,,,0.0,0,
M18170,鄂州傲森汽车销售服务有限公司,中区,中区,,,,0.0,0,
M18637,北京宏源亚兴汽车贸易有限公司,北区,北区,,,,496.0,0,0
M18755,无锡联众汽车销售服务有限公司,东区,东区,,,,1102.0,0,0
A15776,临汾天健驰晨汽车销售服务有限公司,北区,北区,,,,0.0,0,
M18130,岳阳万达汽车销售服务有限公司,南区,南二区,,,,0.0,0,
M18644,洛阳驰钊汽车销售服务有限公司,中区,中区,,,,350.0,0,0
A19819,廊坊市君和汽车销售服务,北区,北区,,,,0.0,0,
M18903,上海万车荟供应链科技有限公司,北区,北区,,,,0.0,0,
M18657,齐齐哈尔骏豪汽车销售服务有限公司,北区,北区,,,,0.0,0,
M18784,四川银鑫汽车贸易有限公司,西区,西区,,,,0.0,0,
A13255,北京仁正利成汽车销售服务有限公司,北区,北区,,,,0.0,0,
A28380,茂名市泰丰汽车销售有限公司,南区,南一区,,,,0.0,0,
M18690,娄底市宝泰汽车有限公司,南区,南二区,,,,0.0,0,
M18727,吉林市神华马自达一汽轿车销售服务有限公司,北区,北区,,,,329.0,0,0
A21335,大连鑫联达汽车销售服务有限公司,北区,北区,,,,0.0,0,
M18159,濮阳市宝捷汽车销售服务有限公司,中区,中区,,,,0.0,0,
M18673,安阳裕华紫光汽车销售服务有限公司,中区,中区,,,,0.0,0,
A25536,赣州宏阳机电销售有限公司,南区,南二区,,,,0.0,0,
M18032,襄阳华民汽车销售服务有限公司,中区,中区,,,,0.0,0,
M18785,桐乡市禾通汽车销售服务有限公司,东区,东区,,,,861.0,0,0
M18697,宿迁明大汽车销售服务有限公司,东区,东区,,,,0.0,0,
M18658,江西明日汽车销售服务有限公司,南区,南二区,,,,7.0,0,0
M18744,东营天顺汽车销售服务有限责任公司,中区,中区,,,,0.0,0,
M18759,太原市明仕达汽车服务有限公司,北区,北区,,,,0.0,0,
M18798,安庆市远航汽车贸易有限公司,中区,中区,,,,14.0,0,0
M18702,天津骏雅汽车销售服务有限公司,北区,北区,,,,147.0,0,0
M18730,榆林天泰汽车销售服务有限公司,西区,西区,,,,0.0,0,
A19815,宜昌恒信致远汽车销售服务有限公司,中区,中区,,,,0.0,0,
M18656,宁波市凯达汽车销售服务有限公司,东区,东区,,,,0.0,0,
M18031,上海景和宝仕汽车销售有限公司,东区,东区,,,,0.0,0,
M18680,运城市元通嘉润汽车销售服务有限公司,北区,北区,,,,0.0,0,
M18642,长兴康景汽车销售服务有限公司,东区,东区,,,,0.0,0,
M18192,云南万行汽车销售服务有限公司经开分公司,西区,西区,,,,779.0,0,0
A26595,芜湖隆伟行汽车销售服务有限公司,中区,中区,,,,0.0,0,
A14856,龙岩市民源汽车发展有限公司,南区,南二区,,,,0.0,0,
A13282,天津市骏威汽车销售有限公司,北区,北区,,,,0.0,0,
M18749,湛江合达汽车销售服务有限公司,南区,南一区,,,,283.0,0,0
A13288,吉林省华商汽车销售服务有限公司,北区,北区,,,,0.0,0,
M18778,太原汇众诚达汽车销售服务有限公司,北区,北区,,,,0.0,0,
M18757,长春市华阳汽车贸易有限责任公司,北区,北区,,,,0.0,0,
M18631,宜昌恒信天龙汽车销售服务有限公司,中区,中区,,,,1155.0,0,0
M18738,一汽轿车股份有限公司,北区,北区,,,,0.0,0,
A16678,深圳市飞达汽车销售有限公司,南区,南一区,,,,0.0,0,
A27258,六安正大汽车销售服务有限公司,中区,中区,,,,0.0,0,
A19818,襄樊三环润通汽车有限公司,中区,中区,,,,0.0,0,
M18623,湖北博士隆科技有限公司,中区,中区,,,,0.0,0,
M18733,江苏金泰天创汽车销售有限公司,东区,东区,,,,3.0,0,0
M18746,河北华信汽车贸易有限公司,北区,北区,,,,0.0,0,
A13543,南京汇达汽车销售有限公司,东区,东区,,,,0.0,0,
A28835,吉安汇金汽车销售服务有,南区,南二区,,,,0.0,0,
M18754,靖江明雅汽车销售服务有限公司,东区,东区,,,,0.0,0,
M18768,枣庄泓汇源汽车销售服务有限公司,中区,中区,,,,20.0,0,0
A16595,广东宏益汽车销售服务有限公司,南区,南一区,,,,0.0,0,
A13303,兰州金岛星马汽车销售有限公司,西区,西区,,,,0.0,0,
A14978,山西香山晋达汽贸有限公司,北区,北区,,,,0.0,0,
M18080,泰兴市天利达汽车贸易有限公司,北区,北区,,,,0.0,0,
M18793,丽水恒通汽车销售服务有限公司,东区,东区,,,,0.0,0,
M18649,福建荣捷万仕德汽车销售服务有限公司,南区,南二区,,,,0.0,0,
M18899,南昌新店,南区,南二区,,,,0.0,0,
M18800,沈阳大中联汽车销售服务有限公司,北区,北区,,,,0.0,0,
A26735,贵州十和田吉胜汽车有限公司,西区,西区,,,,0.0,0,
A24516,宿迁市豫枫汽车贸易服务有限公司,东区,东区,,,,0.0,0,
M18028,庆阳万长汽车销售服务有限公司,西区,西区,,,,0.0,0,
A13281,石家庄冀东嘉赫汽车销售服务有限公司,北区,北区,,,,0.0,0,
M18023,蚌埠市涌润汽车销售服务有限公司,中区,中区,,,,0.0,0,
M18710,长春花都全球自动变速箱有限公司,北区,北区,,,,0.0,0,
M18762,如皋市金泽汽车销售服务有限公司,东区,东区,,,,207.0,0,0
A25957,常州外汽永兴汽车销售有限公司,东区,东区,,,,0.0,0,
A17998,江苏森泰汽车销售有限公司,东区,东区,,,,0.0,0,
M18376,杭州一猫汽车科技服务有限公司,北区,北区,,,,0.0,0,
A25215,漳州市悦驰汽车贸易有限公司,南区,南二区,,,,0.0,0,
A13257,北京华业永盛汽车销售服务有限公司,北区,北区,,,,0.0,0,
M18787,衡阳市卓越汽车销售服务有限公司,南区,南二区,,,,0.0,0,
M18624,昆山千江一马汽车销售服务有限公司,东区,东区,,,,1.0,0,0
A15936,常熟市华驰汽车销售有限公司,东区,东区,,,,0.0,0,
A14976,内蒙古利丰泰迪汽车服务有限公司,北区,北区,,,,0.0,0,
A18936,吴江市久博汽车贸易有限公司,东区,东区,,,,0.0,0,
M18647,镇江天峰汽车销售服务有限公司,东区,东区,,,,0.0,0,
M18666,江门市昌达汽车销售服务有限公司,南区,南一区,,,,0.0,0,
M18268,成都一猫电子商务有限公司广州分公司,东区,东区,,,,0.0,0,
M18910,,西区,西区,,,,109.0,17,0.1559633027522936
M18774,内蒙古亿阳汇达汽车销售有限公司,北区,北区,,,,0.0,0,
M18681,承德庞大赫峰汽车销售服务有限公司,北区,北区,,,,10.0,0,0
M18729,威海兴麟马自达汽车销售有限公司,中区,中区,,,,0.0,0,
M18769,宜春明日汽车销售服务有限公司,南区,南二区,,,,0.0,0,
M18992,,北区,北区,,,,0.0,0,
A25197,十堰美泽贸易有限公司,中区,中区,,,,0.0,0,
M18760,深圳市安进机电设备有限公司,南区,南一区,,,,958.0,0,0
M18182,银川瑞鼎汽车销售服务有限公司,西区,西区,,,,0.0,0,
M18893,云南万行汽车销售服务有限公司经开分公司,西区,西区,,,,0.0,0,
A13292,无锡市金瑞汽车销售服务有限公司,东区,东区,,,,0.0,0,
M18723,云南宝泰隆汽车服务有限公司,西区,西区,,,,1.0,0,0
M18751,秦皇岛庞大赫峰汽车销售服务有限公司,北区,北区,,,,10.0,0,0
M18669,福建万事得汽车有限公司,南区,南二区,,,,0.0,0,
A13283,吉林市神华长达汽车销售服务有限公司,北区,北区,,,,0.0,0,
M18664,北京方正利成汽车销售服务有限公司,北区,北区,,,,0.0,0,
A15115,绍兴汇金汽车销售服务有限公司,东区,东区,,,,0.0,0,
A14835,日照力华汽车销售有限公司,中区,中区,,,,0.0,0,
M18186,九江津湘万弘汽车销售服务有限公司,南区,南二区,,,,0.0,0,
M18794,济宁新广源汽车贸易有限公司,中区,中区,,,,0.0,0,
M18695,绍兴德马汽车有限公司,东区,东区,,,,0.0,0,
A14975,邯郸市瑞华汽车销售服务有限公司,北区,北区,,,,0.0,0,
A13277,济宁东润源汽车贸易有限公司,中区,中区,,,,0.0,0,
M18698,台州市黄岩天诚汽车有限公司,东区,东区,,,,82.0,0,0
M18781,沧州冀东赫峰汽车销售服务有限公司,北区,北区,,,,79.0,0,0
M18691,天津骏仁达汽车销售有限公司,北区,北区,,,,305.0,0,0
M18704,山东骏达汽车销售服务有限公司,中区,中区,,,,0.0,0,
M18753,山西中盛瑞达贸易有限公司,北区,北区,,,,261.0,0,0
A22495,焦作华飞汽车贸易有限公司,中区,中区,,,,0.0,0,
M18651,晋中市汇达汽车贸易有限公司,北区,北区,,,,0.0,0,
M18212,赣州腾马2店,南区,南二区,,,,0.0,0,
M18705,上海交运隆嘉汽车销售服务有限公司,东区,东区,,,,861.0,0,0
A21315,安阳市鼎祥汽车销售服务有限公司,中区,中区,,,,0.0,0,
A22781,余姚宁辰汽车销售服务有限公司,东区,东区,,,,0.0,0,
A27236,邵阳市恒广通汽车销售服务有限公司,南区,南二区,,,,0.0,0,
M18706,台州市驭达汽车有限公司,东区,东区,,,,400.0,0,0
A13557,重庆龙华实业集团华马汽车销售服务有限公司,西区,西区,,,,0.0,0,
M18725,台州市大江汽车贸易有限公司,东区,东区,,,,0.0,0,
A21356,泉州锦辉贸易有限公司,南区,南二区,,,,0.0,0,
M18799,沈阳大中联汽车销售服务有限公司*,北区,北区,,,,0.0,0,
M18001,重庆锦铂汽车销售有限公司,西区,西区,,,,7.0,0,0
M18650,龙岩中闽汽车销售服务有限公司,南区,南二区,,,,0.0,0,
M18712,贵州瀚羿睿信汽车销售服务有限公司,西区,西区,,,,0.0,0,
M18628,湖北捷运宜通汽车销售服务有限公司,中区,中区,,,,492.0,0,0
M18263,成都一猫电子商务有限公司,中区,中区,,,,0.0,0,
M18672,宣城亚达汽车销售服务有限公司,中区,中区,,,,0.0,0,
M18043,娄底市万恒汽车销售服务有限公司,南区,南二区,,,,0.0,0,
M18715,上海锦江亿马汽车销售服务有限公司,东区,东区,,,,0.0,0,
A27259,德州德豪汽车销售服务有限公司,中区,中区,,,,0.0,0,
M18022,江门市精文腾达汽车有限公司,南区,南一区,,,,0.0,0,
M18724,上海景和汽车销售有限公司,东区,东区,,,,0.0,0,
M18257,北京一猫汽车科技有限公司,北区,北区,,,,0.0,0,
A13284,唐山冀东嘉赫汽车销售服务有限公司,北区,北区,,,,0.0,0,
M18668,青岛伟业达汽车销售服务有限公司,中区,中区,,,,0.0,0,
M18714,清远南方合达汽车销售服务有限公司,南区,南一区,,,,0.0,0,
M18786,永康市永高汽车销售服务有限公司,东区,东区,,,,0.0,0,
M18752,*北京博瑞祥达*,北区,北区,,,,0.0,0,
M18683,佛山市顺德区万事得汽车销售服务有限公司,南区,南一区,,,,538.0,0,0
M18633,怀化市国鑫汽车销售服务有限公司,南区,南二区,,,,0.0,0,
M18029,广东时利和汽车实业集团有限公司,南区,南一区,,,,0.0,0,
M18013,平顶山市涌达汽车销售有限公司,中区,中区,,,,0.0,0,
M18671,东莞市泰翔达汽车销售服务有限公司,南区,南一区,,,,3.0,0,0
M18012,成都建国汽车贸易有限公司,西区,西区,,,,0.0,0,
M18796,吉林省百仕达经贸有限公司,北区,北区,,,,0.0,0,
A29015,张家港市森联汽车销售服务有限公司,东区,东区,,,,0.0,0,
M18772,河南省裕华汽车贸易有限公司,中区,中区,,,,0.0,0,
M18073,广物汽贸股份有限公司,南区,南一区,,,,0.0,0,
M18745,一汽轿车股份有限公司,北区,北区,,,,0.0,0,
A26656,九江和兴汽车销售服务有限公司,南区,南二区,,,,0.0,0,
M18375,武汉蜂鸟汽车租赁有限公司,北区,北区,,,,0.0,0,
M18670,衡水庞大赫峰汽车销售服务有限公司,北区,北区,,,,31.0,0,0
A26616,玉溪瑞信汽车销售服务有限公司,西区,西区,,,,0.0,0,
M18737,太仓博达汽车销售服务有限公司,东区,东区,,,,0.0,0,
M18645,上海绿地杨浦汽车销售服务有限公司,东区,东区,,,,72.0,0,0
M18007,遂宁驭通昌汽车销售有限公司,西区,西区,,,,0.0,0,
A28235,山西深业汽车销售服务有限公司,北区,北区,,,,0.0,0,
M18696,邯郸庞大赫峰汽车销售服务有限公司,北区,北区,,,,7.0,0,0
M18659,深圳通利华侨东汽车销售服务有限公司,南区,南一区,,,,0.0,0,
A28401,牡丹江鸿达亿马汽车销售服务有限公司,北区,北区,,,,0.0,0,
A22536,杭州广润汽车有限公司,东区,东区,,,,0.0,0,
M18687,信达一汽商业保理有限公司,北区,北区,,,,0.0,0,
M18264,成都一猫电子商务有限公司北京分公司,北区,北区,,,,0.0,0,
M18777,佛山市顺德区协达汽车销售服务有限公司,南区,南一区,,,,0.0,0,
N00145,南京车喇叭信息科技有限公司,东区,东区,,,,52.0,0,0
A13560,上海宝悦汽车销售服务有限公司,东区,东区,,,,0.0,0,
M18726,北京德骏汽车销售有限公司,北区,北区,,,,0.0,0,
A13266,青岛华润达汽车销售有限公司,中区,中区,,,,0.0,0,
M18124,丹阳天盛汽车销售服务有限公司,东区,东区,,,,0.0,0,
M18703,北京博瑞祥达汽车销售服务有限公司,北区,北区,,,,0.0,0,
M18765,蚌埠市臣功汽车销售服务有限公司,中区,中区,,,,453.0,0,0
A25539,安庆市大庆汽车销售服务有限公司,中区,中区,,,,0.0,0,
A21295,绍兴广隆汽车有限公司,东区,东区,,,,0.0,0,
M18713,抚州尚辉汽车销售服务有限公司,南区,南二区,,,,0.0,0,
M18722,衢州康瑞汽车销售服务有限公司,东区,东区,,,,1.0,0,0
A13301,云南健中冈投资有限公司,西区,西区,,,,0.0,0,
,,,,,,,,,
M18689,南京迅敏汽车销售有限公司,东区,东区,,,,0.0,0,
A13287,上海景和真南汽车销售有限公司,东区,东区,,,,0.0,0,
A13285,保定冀东嘉赫汽车销售服务有限公司,北区,北区,,,,0.0,0,
A15495,河南涌威汽车销售有限公司,中区,中区,,,,0.0,0,
A13280,哈尔滨华日菱汽车销售有限公司,北区,北区,,,,0.0,0,
M18711,潍坊庞大赫峰汽车销售服务有限公司,中区,中区,,,,0.0,0,
A13537,北京拓佳诚商贸有限责任公司,北区,北区,,,,0.0,0,
M18731,青岛华成汽车服务有限公司,北区,北区,,,,0.0,0,
M18685,乐山天牛亿马汽车销售服务有限公司,西区,西区,,,,9.0,0,0
M18632,抚顺广联达鸿翔汽车销售服务有限公司,北区,北区,,,,44.0,0,0
M18654,无锡德尔汽车有限公司,东区,东区,,,,0.0,0,
M18661,南通弘业汽车销售有限公司,东区,东区,,,,101.0,0,0
M18741,大连鑫联达汽车销售服务有限公司,北区,北区,,,,0.0,0,
M18665,青岛奥华汽车销售有限公司,中区,中区,,,,0.0,0,
M18678,山东鑫源汽车销售服务有限公司,中区,中区,,,,14.0,0,0
M18736,云南易道良马汽车贸易有限公司,西区,西区,,,,0.0,0,
A13259,济南骏丰源汽车有限公司,中区,中区,,,,0.0,0,
A13549,深圳安进盈达汽车销售有,南区,南一区,,,,0.0,0,
M18756,北京一汽轿车销售服务有限公司,北区,北区,,,,109.0,0,0
A18935,鄂尔多斯市成兴汽车有限公司,北区,北区,,,,0.0,0,
A25538,曲靖中达汽车销售服务有限公司,西区,西区,,,,0.0,0,
M18002,福建和庄汽车贸易有限公司,南区,南二区,,,,0.0,0,
A28377,苍南信达汽车销售服务有限公司,东区,东区,,,,0.0,0,
A27257,濮阳中大汽车销售服务有,中区,中区,,,,0.0,0,
M18700,广州市梅花园佳达汽车销售有限公司,南区,南一区,,,,0.0,0,
A22784,三明万和汽车销售服务有限公司,南区,南二区,,,,0.0,0,
M18735,乐清市红通汽车销售服务有限公司,东区,东区,,,,0.0,0,
M18126,温州广发汽车销售服务有限公司,东区,东区,,,,7.0,0,0
M18181,四会美轮庆达汽车有限公司,南区,南一区,,,,792.0,0,0
A13541,天津市骏辉汽车销售有限公司,北区,北区,,,,0.0,0,
M18901,达州骏鑫汽车销售服务有限公司,西区,西区,,,,0.0,0,
M18692,北京和信顺通汽车销售服务有限责任公司,北区,北区,,,,0.0,0,
A22783,中国长安汽车集团宁波东祥汽车有限公司,东区,东区,,,,0.0,0,
A25956,瑞安市深发汽车销售服务,东区,东区,,,,0.0,0,
M18648,苏州市鑫鼎汽车服务有限公司,东区,东区,,,,1.0,0,0
M18792,湖北捷运宜达汽车销售服务有限公司,中区,中区,,,,690.0,0,0
M18758,绵阳市平昌汽车销售服务有限公司,西区,西区,,,,0.0,0,
A32804,山西迈特利汽车销售有限公司,北区,北区,,,,0.0,0,
M18677,一汽马自达汽车销售有限公司,北区,北区,,,,0.0,0,
M18894,阿克苏丝路之星汽车销售服务有限公司,西区,西区,,,,0.0,0,
M18717,锦州新东方汽车销售服务有限公司,北区,北区,,,,53.0,0,0
M18271,成都一猫电子商务有限公司武汉分公司,北区,北区,,,,0.0,0,
M18795,湖南万乘汽车贸易有限公司,南区,南二区,,,,0.0,0,
A13335,汕头高新区鹰达机电实业有限公司,南区,南一区,,,,0.0,0,
M18797,邵阳市君马汽车销售服务有限公司,南区,南二区,,,,2.0,0,0
M18750,宿迁丽华汽车销售服务有限公司,东区,东区,,,,1.0,0,0
M18709,北京国服信高德汽车销售有限公司,北区,北区,,,,0.0,0,
A17136,淮安雨田长盛汽车销售有限公司,东区,东区,,,,0.0,0,
A14855,张家港国泰东方德奥汽车销售有限公司,东区,东区,,,,0.0,0,
A23895,娄底市恒兴汽车销售服务有限公司,南区,南二区,,,,0.0,0,
A13539,临沂市新广源汽车有限公司,中区,中区,,,,0.0,0,
M18770,江苏明日汽车销售服务有限公司,东区,东区,,,,0.0,0,
M18734,襄阳君和盛世汽车销售有限公司,中区,中区,,,,5.0,0,0
A13538,青岛冠达汽车销售服务有限公司,中区,中区,,,,0.0,0,
M18653,大庆广利达汽车销售服务有限公司,北区,北区,,,,191.0,0,0
M18743,上海通远汽车销售服务有限公司,东区,东区,,,,0.0,0,
M18761,深圳市中汽华商汽车销售有限公司,南区,南一区,,,,0.0,0,
M18747,肇庆市南菱汽车有限公司,南区,南一区,,,,0.0,0,
M18643,平顶山万马行汽车销售服务有限责任公司,中区,中区,,,,0.0,0,
M18891,红河万福汽车销售服务有限公司蒙自天马分公司,西区,西区,,,,42.0,0,0
M18766,襄阳津湘万乘汽车销售服务有限公司,中区,中区,,,,120.0,0,0
M18662,通辽市大鹏睿达汽车贸易有限公司,北区,北区,,,,0.0,0,
M18627,日照吉瑞达贸易有限公司,中区,中区,,,,50.0,0,0
M18764,唐山庞大赫峰汽车销售服务有限公司,北区,北区,,,,0.0,0,
A18035,新乡市涌越汽车销售有限公司,中区,中区,,,,0.0,0,
M18780,郴州兴华诚汽车贸易有限公司,南区,南二区,,,,638.0,0,0
M18079,云南万福汽车销售服务有限公司安宁分公司,西区,西区,,,,0.0,0,
M18701,南京聚金汽车销售有限公司,东区,东区,,,,0.0,0,
M18236,沧州市润丰汽车销售有限公司,北区,北区,,,,251.0,0,0
A30515,重庆辰宇潼川汽车销售服务有限公司,西区,西区,,,,0.0,0,
M18216,枣庄津湘万腾汽车销售服务有限公司,中区,中区,,,,177.0,0,0
A23796,晋城市长港汽车销售服务有限公司,北区,北区,,,,0.0,0,
M18655,营口庞大赫峰汽车销售服务有限公司,北区,北区,,,,0.0,0,
M18694,泉州鑫达汽车销售服务有限公司,南区,南二区,,,,570.0,0,0
M18732,赤峰市庞大赫峰汽车销售服务有限公司,北区,北区,,,,0.0,0,
M18763,商丘亿众汽车销售服务有限公司,中区,中区,,,,0.0,0,
M18718,东营长捷汽车销售有限公司,中区,中区,,,,0.0,0,
A13545,镇江润马汽车销售有限公司,东区,东区,,,,0.0,0,
M18775,石家庄庞大赫峰汽车销售服务有限公司,北区,北区,,,,48.0,0,0
M18039,洛阳德众达马汽车销售服务有限公司,中区,中区,,,,0.0,0,
A29035,三门峡瑞丰汽车销售服务有限公司,中区,中区,,,,0.0,0,
A13555,东莞擎达汽车销售服务有限公司,南区,南一区,,,,0.0,0,
M18913,乌鲁木齐笑好景星汽车销售有限公司,西区,西区,,笑好集团,,473.0,2643,
M18919,唐山丰玮汽车贸易有限公司,北区,北区,,唐山丰玮,唐宏宇,83.0,671,
M18917,河北桐响汽车贸易有限公司,北区,北区,,河北桐响,唐宏宇,184.0,1539,
M18915,临沂长驰汽车销售服务有限公司,中区,中区,,湖南长驰,倪超,277.0,1211,
M18782,长春第一汽车服务贸易有限公司汽车销售中心,北区,北区,,,,1051.0,0,0
A13307,四川明友新维利汽车技术服务有限公司,西区,西区,,,,0.0,0,
M18748,内蒙古中亿汽车销售有限公司,北区,北区,,,,1.0,0,0
李波,李波,李波,,,,,0.0,0,
晏礼奎,晏礼奎,晏礼奎,,,,,0.0,0,
张晔,张晔,张晔,,,,,0.0,0,
钱曦,钱曦,钱曦,,,,,0.0,0,
宋扬,宋扬,宋扬,,,,,0.0,0,
张裕坤,张裕坤,张裕坤,,,,,0.0,0,
李志杰,李志杰,李志杰,,,,,0.0,0,
陈建民,陈建民,陈建民,,,,,0.0,0,
薛仲锋,薛仲锋,薛仲锋,,,,,0.0,0,
陈莉,陈莉,陈莉,,,,,0.0,0,
蒋旗,蒋旗,蒋旗,,,,,0.0,0,
李兴坤,李兴坤,李兴坤,,,,,0.0,0,
蔡永生,蔡永生,蔡永生,,,,,0.0,0,
孔立刚,孔立刚,孔立刚,,,,,0.0,0,
邹跃,邹跃,邹跃,,,,,0.0,0,
唐宏宇,唐宏宇,唐宏宇,,,,,267.0,2210,8.277153558052435
鲁金泽,鲁金泽,鲁金泽,,,,,0.0,0,
姜洙,姜洙,姜洙,,,,,0.0,0,
邵传海,邵传海,邵传海,,,,,0.0,0,
祁玮,祁玮,祁玮,,,,,0.0,0,
李付敬,李付敬,李付敬,,,,,0.0,0,
张哲,张哲,张哲,,,,,0.0,0,
张哲,张哲,张哲,,,,,0.0,0,
倪超,倪超,倪超,,,,,277.0,1211,4.371841155234657
东区,东区,东区,,,,,307744.0,129780,0.4217141520224602
南区,南区,南区,,,,,332588.0,139737,0.4201504564205564
西区,西区,西区,,,,,195136.0,75308,0.3859257133486389
北区,北区,北区,,,,,112500.0,58995,0.5244
中区,中区,中区,,,,,174925.0,69625,0.39802772616835785
全国,全国,全国,,,,,1122893.0,473445,0.4216296655157704
,,南一区,,,,,223654.0,96711,0.43241346007672565
,,南二区,,,,,108934.0,43026,0.39497310297978594
,,,,,,,,,
,,,,,,,,区域,客户保持率
,,,,,,,,东区,0.4244722439405786
,,,,,,,,南区,0.41805206257961264
,,,,,,,,西区,0.3858855961405927
,,,,,,,,北区,0.4946287858909218
,,,,,,,,中区,0.394609054546381
,,,,,,,,全国,0.41538492113965914
