经销商代码之计数,经销商名称之计数,经销商简称,省份,城市,投资主体,状态,服务大区,服务区域经理,1月机油金额,2月机油金额,3月机油金额,4月机油金额,5月机油金额,6月机油金额,7月机油金额,8月机油金额,9月机油金额,10月机油金额,11月机油金额,12月机油金额,1月保养台次,2月保养台次,3月保养台次,4月保养台次,5月保养台次,6月保养台次,7月保养台次,8月保养台次,9月保养台次,10月保养台次,11月保养台次,12月保养台次
A13311,宁波鑫之源汽车有限公司,宁波鑫之源,浙江省,宁波市,宁波鑫之源,正常,东区,李波,241475.0400000001,56042.52,,,,,,,,,,,909.0,600.0,,,,,,,,,,
A13314,海口优之杰汽车服务有限公司,海口优之杰,海南省,海口市,海口优之杰,正常,南区,宋扬,171957.96000000005,35446.5,,,,,,,,,,,941.0,745.0,,,,,,,,,,
A15217,杭州骏田汽车有限公司,杭州骏田,浙江省,杭州市,广成集团,正常,东区,李波,241409.91000000003,230075.54999999996,,,,,,,,,,,1116.0,823.0,,,,,,,,,,
A13291,南京天和汽车销售服务有限公司,南京天和,江苏省,南京市,南京天和,正常,东区,钱曦,191183.76000000004,122055.66000000002,,,,,,,,,,,879.0,671.0,,,,,,,,,,
A13297,常州外汽永嘉汽车销售服务有限公司,常州外汽永嘉,江苏省,常州市,常州外汽,正常,东区,晏礼奎,99893.57999999999,198207.36000000002,,,,,,,,,,,693.0,407.0,,,,,,,,,,
M18224,广州市福马汽车销售服务有限公司,广州市福马,广东省,广州市,广州东富,正常,南区,王胜文,84444.90000000001,69841.20000000001,,,,,,,,,,,527.0,363.0,,,,,,,,,,
A13475,西安骏雄汽车销售服务有限公司,西安骏雄,陕西省,西安市,西安骏广,正常,西区,李兴坤,131236.83,102591.03,,,,,,,,,,,714.0,608.0,,,,,,,,,,
A22796,陕西广行汽车销售服务有限公司,陕西广行,陕西省,西安市,西安骏广,正常,西区,李兴坤,76628.76,5880.0,,,,,,,,,,,501.0,448.0,,,,,,,,,,
A17997,武汉银马汽车销售有限公司,武汉银马,湖北省,武汉市,建银集团,正常,中区,张哲,110387.81999999999,99352.98,,,,,,,,,,,429.0,303.0,,,,,,,,,,
A13776,浙江裕菲汽车销售服务有限公司,浙江裕菲,浙江省,杭州市,浙江裕非,正常,东区,李波,170198.94,82899.42000000001,,,,,,,,,,,682.0,463.0,,,,,,,,,,
M18349,广西鑫广达汽车销售服务有限公司,广西鑫广达,广西壮族自治区,南宁市,长久集团,正常,南区,薛仲锋,141563.46000000002,151204.56,,,,,,,,,,,913.0,610.0,,,,,,,,,,
A28856,重庆银马汽车销售服务有限公司,重庆银马,重庆市,重庆市,重庆银马,正常,西区,孔立刚,137318.27999999997,78510.84,,,,,,,,,,,517.0,479.0,,,,,,,,,,
A13302,合肥建银海康达汽车销售有限公司,合肥建银海康,安徽省,合肥市,建银集团,正常,中区,李伟,270892.92000000004,0.0,,,,,,,,,,,506.0,454.0,,,,,,,,,,
M18892,辽宁驰敖中联汽车销售服务有限公司,辽宁驰敖中联,辽宁省,沈阳市,辽宁驰敖,正常,北区,鲁金泽,173325.83999999997,93160.86,,,,,,,,,,,612.0,432.0,,,,,,,,,,
A13342,珠海市新通达汽车销售服务有限公司,珠海市新通达,广东省,珠海市,深圳通利华,正常,南区,宋扬,114829.38,25081.079999999998,,,,,,,,,,,594.0,312.0,,,,,,,,,,
M18270,山东惠骋汽车贸易有限公司,山东惠骋,山东省,济南市,山东顺骋集团,正常,中区,李伟,152122.25999999998,10277.220000000001,,,,,,,,,,,526.0,422.0,,,,,,,,,,
A13289,大连众联达贸易有限公司,大连众联达,辽宁省,大连市,长久集团,正常,北区,唐宏宇,63027.990000000005,61955.82,,,,,,,,,,,243.0,195.0,,,,,,,,,,
A13343,深圳通利华宝安汽车销售服务有限公司,深圳通利华宝,广东省,深圳市,深圳通利华,正常,南区,薛仲锋,62009.67,17014.32,,,,,,,,,,,732.0,363.0,,,,,,,,,,
M18238,1衡阳致瑞汽车销售服务有限公司,衡阳致瑞,湖南省,衡阳市,湖南长驰,正常,南区,李志杰,18984.54,132453.3,,,,,,,,,,,658.0,460.0,,,,,,,,,,
A15940,昆明京源达汽车销售有限责任公司,昆明京源达,云南省,昆明市,正能量集团,正常,西区,蒋旗,100371.38999999998,76054.79999999999,,,,,,,,,,,505.0,442.0,,,,,,,,,,
A18077,深圳通利华福滨汽车服务有限公司,通利华福滨,广东省,深圳市,深圳通利华,正常,南区,薛仲锋,122049.24,66673.08,,,,,,,,,,,473.0,228.0,,,,,,,,,,
M18538,上海交运起荣汽车销售服务有限公司,上海交运起荣,上海市,上海市,上海交运,正常,东区,张晔,121160.06999999999,75782.19,,,,,,,,,,,421.0,278.0,,,,,,,,,,
M18026,南京天瑞汽车销售服务有限公司,南京天瑞,江苏省,南京市,南京天和,正常,东区,钱曦,96792.72000000002,72337.92,,,,,,,,,,,394.0,327.0,,,,,,,,,,
A13339,惠州市通力达汽车销售服务有限公司,惠州市通力达,广东省,惠州市,深圳通利华,正常,南区,张裕坤,46114.56,38284.44,,,,,,,,,,,657.0,361.0,,,,,,,,,,
A13308,义乌市祥马汽车销售服务有限公司,义乌市祥马,浙江省,金华市,赵龙集团,正常,东区,陈秋刚,141725.70000000004,95633.76000000001,,,,,,,,,,,591.0,340.0,,,,,,,,,,
A14981,江门市振宇汽车销售服务有限公司,江门市振宇,广东省,江门市,江门振升,正常,南区,宋扬,107088.39000000001,54018.90000000001,,,,,,,,,,,541.0,352.0,,,,,,,,,,
M18571,重庆万事新汽车销售服务有限公司,重庆万事新,重庆市,重庆市,重庆万事新,正常,西区,孔立刚,125893.50000000001,136217.03999999998,,,,,,,,,,,453.0,463.0,,,,,,,,,,
A17995,哈尔滨龙洋汽车销售有限公司,哈尔滨龙洋,黑龙江省,哈尔滨市,西安骏广,正常,北区,邵传海,27746.399999999998,78132.95999999999,,,,,,,,,,,411.0,304.0,,,,,,,,,,
M18613,广州博程汽车有限公司,广州博程,广东省,广州市,广州博程,正常,南区,王胜文,40685.73,13284.6,,,,,,,,,,,233.0,154.0,,,,,,,,,,
M18042,深圳通利华龙城汽车销售服务有限公司,通利华龙城,广东省,深圳市,深圳通利华,正常,南区,薛仲锋,99552.54000000001,27402.210000000003,,,,,,,,,,,810.0,412.0,,,,,,,,,,
A16596,台州市诺亚汽车贸易有限公司,台州市诺亚,浙江省,台州市,浙江国赛,正常,东区,李波,34934.04,32118.42,,,,,,,,,,,548.0,466.0,,,,,,,,,,
M18003,重庆金团汽车销售服务有限公司,重庆金团,重庆市,重庆市,重庆金团,正常,西区,孔立刚,112950.03000000003,92895.36,,,,,,,,,,,363.0,394.0,,,,,,,,,,
A13544,昆山富骏汽车销售服务有限公司,昆山富骏,江苏省,苏州市,江苏富骏,正常,东区,晏礼奎,206370.33,4141.62,,,,,,,,,,,561.0,345.0,,,,,,,,,,
M18196,陕西骏威汽车销售服务有限公司,陕西骏威,陕西省,西安市,西安骏广,正常,西区,李兴坤,32136.84,44625.54,,,,,,,,,,,365.0,362.0,,,,,,,,,,
M18190,河南小伙伴汽车销售有限公司,河南小伙伴,河南省,郑州市,河南小伙伴,正常,中区,倪超,106245.0,42528.42,,,,,,,,,,,358.0,450.0,,,,,,,,,,
M18333,无锡荣事达汽车贸易服务有限公司,无锡荣事达,江苏省,无锡市,无锡荣事达,正常,东区,晏礼奎,55880.16,64357.259999999995,,,,,,,,,,,449.0,260.0,,,,,,,,,,
M18537,上海路帅汽车销售有限公司,上海路帅,上海市,上海市,,正常,东区,张晔,104406.42000000003,56615.45999999999,,,,,,,,,,,325.0,228.0,,,,,,,,,,
M18561,四川中鹏汽车销售服务有限公司,四川中鹏,四川省,成都市,四川中鹏,正常,西区,陈莉,27954.96,64254.299999999996,,,,,,,,,,,479.0,513.0,,,,,,,,,,
M18276,辽宁福达汽车销售服务有限公司,辽宁福达,辽宁省,沈阳市,辽宁福达,正常,北区,鲁金泽,75471.42,44351.94,,,,,,,,,,,377.0,279.0,,,,,,,,,,
A13558,绵阳星鸿达汽车销售服务有限公司,绵阳星鸿达,四川省,绵阳市,绵阳星鸿达,正常,西区,陈莉,120620.58000000002,89199.95999999999,,,,,,,,,,,430.0,439.0,,,,,,,,,,
M18285,吉林省仁德汽车销售服务有限公司,吉林省仁德,吉林省,长春市,吉林仁德,正常,北区,唐宏宇,51066.72,33444.36,,,,,,,,,,,231.0,185.0,,,,,,,,,,
A27896,青岛安隆达汽车销售有限公司,青岛安隆达,山东省,青岛市,青岛安隆达,正常,中区,李付敬,48437.7,47151.420000000006,,,,,,,,,,,264.0,253.0,,,,,,,,,,
A14837,无锡市东方运达汽车销售服务有限公司,无市东方运达,江苏省,无锡市,东方新纪元,正常,东区,晏礼奎,111946.5,50918.4,,,,,,,,,,,507.0,315.0,,,,,,,,,,
A13258,1江西江铃海外马自达汽车销售服务有限公司,江西江铃海外,江西省,南昌市,江西江铃海外,正常,南区,王胜文,2761.08,4141.62,,,,,,,,,,,335.0,312.0,,,,,,,,,,
A13305,成都东成安邦汽车销售服务有限公司,成都东成安邦,四川省,成都市,成都东成安邦,正常,西区,陈莉,74325.09,5522.16,,,,,,,,,,,480.0,410.0,,,,,,,,,,
M18131,四川西星实业发展有限公司,四川西星,四川省,成都市,四川西星,正常,西区,陈莉,105011.10000000002,80941.2,,,,,,,,,,,408.0,378.0,,,,,,,,,,
M18351,广东物通驭达汽车有限公司,广东物通驭达,广东省,广州市,广东物通集团,正常,南区,王胜文,97209.54000000001,56995.95,,,,,,,,,,,401.0,259.0,,,,,,,,,,
M18041,绍兴国赛汽车有限公司,绍兴国赛,浙江省,绍兴市,浙江国赛,正常,东区,李波,147446.46000000002,39637.8,,,,,,,,,,,607.0,354.0,,,,,,,,,,
A24515,上海弘绅汽车销售服务有限公司,上海弘绅,上海市,上海市,锦弘集团,正常,东区,张晔,37517.82,43246.32,,,,,,,,,,,192.0,132.0,,,,,,,,,,
M18519,宁波合辰汽车销售服务有限公司,宁波合辰,浙江省,宁波市,宁波合辰,正常,东区,李波,166691.78999999998,81963.18000000001,,,,,,,,,,,384.0,295.0,,,,,,,,,,
M18526,上海景和金沙汽车销售有限公司,上海景和金沙,上海市,上海市,上海景和,正常,东区,张晔,79027.65,33460.14,,,,,,,,,,,243.0,152.0,,,,,,,,,,
M18038,北京仁正利成汽车销售服务有限公司,北京仁正利成,北京市,北京市,北京仁正利成,正常,北区,祁玮,87446.70000000001,0.0,,,,,,,,,,,166.0,159.0,,,,,,,,,,
A21336,佛山骏迪汽车有限公司,佛山骏迪,广东省,佛山市,南宝集团,正常,南区,宋扬,55446.299999999996,74874.72,,,,,,,,,,,531.0,373.0,,,,,,,,,,
M18078,瑞安市深发汽车销售服务有限公司,瑞安市深发,浙江省,温州市,瑞安深发,正常,东区,陈秋刚,48205.5,63621.72,,,,,,,,,,,427.0,299.0,,,,,,,,,,
M18051,百色万马汽车销售服务有限公司,百色万马,广西壮族自治区,百色市,贵港万马,正常,南区,薛仲锋,58314.780000000006,28356.840000000004,,,,,,,,,,,301.0,277.0,,,,,,,,,,
M18520,嘉兴市禾通汽车销售服务有限公司,嘉兴市禾通,浙江省,嘉兴市,嘉兴禾通,正常,东区,张晔,77321.34000000003,27627.24,,,,,,,,,,,200.0,132.0,,,,,,,,,,
A13341,佛山海迪汽车有限公司,佛山海迪,广东省,佛山市,南宝集团,正常,南区,宋扬,47458.56,47902.740000000005,,,,,,,,,,,548.0,337.0,,,,,,,,,,
A13338,东莞市通益汽车销售服务有限公司,东莞市通益,广东省,东莞市,深圳通利华,正常,南区,张裕坤,121876.14000000004,51399.78,,,,,,,,,,,918.0,522.0,,,,,,,,,,
M18331,淮安市宏宇翔舜汽车销售服务有限公司,淮安市宏宇翔,江苏省,淮安市,淮安宏宇,正常,东区,钱曦,44065.5,81283.40999999999,,,,,,,,,,,237.0,283.0,,,,,,,,,,
M18069,中国长安汽车集团天津销售有限公司,中国长安,天津市,天津市,中国长安,正常,北区,邵传海,51016.13999999999,29008.140000000003,,,,,,,,,,,224.0,153.0,,,,,,,,,,
A17996,苏州瀚龙汽车销售有限公司,苏州瀚龙,江苏省,苏州市,瀚龙集团,正常,东区,晏礼奎,125162.73000000004,39536.67,,,,,,,,,,,375.0,621.0,,,,,,,,,,
M18539,南通银达汽车销售服务有限公司,南通银达,江苏省,南通市,南通银达,正常,东区,陈秋刚,96855.42000000001,50637.479999999996,,,,,,,,,,,374.0,348.0,,,,,,,,,,
A19820,佛山市耀田汽车有限公司,佛山市耀田,广东省,佛山市,南宝集团,正常,南区,宋扬,33514.5,58702.8,,,,,,,,,,,629.0,291.0,,,,,,,,,,
A13340,中山市万事得汽车销售服务有限公司,中山市万事得,广东省,中山市,中山万事得,正常,南区,宋扬,55181.55,106744.5,,,,,,,,,,,370.0,319.0,,,,,,,,,,
M18245,常德汇智汽车销售服务有限公司,常德汇智,湖南省,常德市,湖南长驰,正常,南区,李志杰,59045.04,65333.4,,,,,,,,,,,445.0,341.0,,,,,,,,,,
A15116,柳州鑫广达博骏汽车销售服务有限公司,鑫广达博骏,广西壮族自治区,柳州市,长久集团,正常,南区,薛仲锋,71788.5,54655.5,,,,,,,,,,,528.0,313.0,,,,,,,,,,
M18009,桂林鑫广达博骏汽车销售服务有限公司,桂林鑫广达博,广西壮族自治区,桂林市,长久集团,正常,南区,薛仲锋,62858.009999999995,69590.28,,,,,,,,,,,404.0,293.0,,,,,,,,,,
M18365,中山市中达汽车销售服务有限公司,中山市中达,广东省,中山市,中山万事得,正常,南区,宋扬,57472.469999999994,70663.38,,,,,,,,,,,486.0,341.0,,,,,,,,,,
A15497,福州杰龙车业发展有限公司,福州杰龙,福建省,福州市,福州龙益,正常,南区,陈建民,76685.99999999999,19850.04,,,,,,,,,,,293.0,169.0,,,,,,,,,,
M18220,上海苏源汽车销售服务有限公司,上海苏源,上海市,上海市,上海苏源,正常,东区,张晔,118775.76000000004,48111.780000000006,,,,,,,,,,,333.0,246.0,,,,,,,,,,
M18390,保定市威达汽车销售服务有限公司,保定市威达,河北省,保定市,中冀汽车集团,正常,北区,鲁金泽,69187.02,38671.8,,,,,,,,,,,343.0,260.0,,,,,,,,,,
M18235,湖南长驰长马汽车销售服务有限公司,湖南长驰长马,湖南省,长沙市,湖南长驰,正常,南区,李志杰,42840.18,41652.9,,,,,,,,,,,343.0,296.0,,,,,,,,,,
M18014,舟山凯桥汽车销售有限公司,舟山凯桥,浙江省,舟山市,舟山凯桥,正常,东区,李波,76483.56000000001,46624.98000000001,,,,,,,,,,,253.0,217.0,,,,,,,,,,
M18251,长沙瑞亿达汽车销售服务有限公司,长沙瑞亿达,湖南省,长沙市,湖南长驰,正常,南区,李志杰,38874.9,44722.8,,,,,,,,,,,319.0,258.0,,,,,,,,,,
A13261,潍坊东裕车业发展有限公司,潍坊东裕,山东省,潍坊市,潍坊东裕,正常,中区,李伟,123939.03000000004,59031.57000000001,,,,,,,,,,,321.0,207.0,,,,,,,,,,
A13265,武汉龙泰元汽车销售服务有限公司,武汉龙泰元,湖北省,武汉市,武汉龙泰元,正常,中区,张哲,124335.12000000001,65602.02,,,,,,,,,,,401.0,313.0,,,,,,,,,,
A18055,吉林省瑞祥汽车销售服务有限公司,吉林省瑞祥,吉林省,长春市,,正常,北区,唐宏宇,16230.120000000003,20560.56,,,,,,,,,,,136.0,100.0,,,,,,,,,,
M18180,南京天辉汽车销售服务有限公司,南京天辉,江苏省,南京市,南京天和,正常,东区,钱曦,119185.14000000001,26993.399999999998,,,,,,,,,,,297.0,250.0,,,,,,,,,,
M18307,北京华日通汽车销售服务有限公司,北京华日通,北京市,北京市,北京华日通,正常,北区,祁玮,77462.13,22493.669999999995,,,,,,,,,,,198.0,141.0,,,,,,,,,,
M18052,咸阳伟益汽车销售服务有限公司,咸阳伟益,陕西省,咸阳市,西安骏广,正常,西区,李兴坤,62487.36000000001,56243.82,,,,,,,,,,,262.0,179.0,,,,,,,,,,
M18118,1赣州腾马汽车服务有限公司,赣州腾马,江西省,赣州市,赣州腾马,正常,南区,王胜文,53209.38,15017.7,,,,,,,,,,,382.0,330.0,,,,,,,,,,
A13275,烟台泓和汽车销售服务有限公司,烟台泓和,山东省,烟台市,烟台大成,正常,中区,李付敬,57716.40000000001,47681.46,,,,,,,,,,,325.0,180.0,,,,,,,,,,
M18913,乌鲁木齐笑好景星汽车销售有限公司,乌鲁木齐笑好,新疆维吾尔自治区,乌鲁木齐市,笑好集团,正常,西区,蔡永生,0.0,31120.14,,,,,,,,,,,305.0,156.0,,,,,,,,,,
M18353,厦门吉顺丰汽车贸易有限公司,厦门吉顺丰,福建省,厦门市,厦门吉顺丰,正常,南区,陈建民,112810.38000000002,29074.320000000003,,,,,,,,,,,566.0,325.0,,,,,,,,,,
M18610,广西马之悦汽车销售服务有限公司,广西马之悦,广西壮族自治区,南宁市,广西马之悦,正常,南区,薛仲锋,82654.38,14178.6,,,,,,,,,,,272.0,233.0,,,,,,,,,,
M18025,肇庆美轮庆达汽车有限公司,肇庆美轮庆达,广东省,肇庆市,,正常,南区,宋扬,21932.579999999998,13471.26,,,,,,,,,,,227.0,148.0,,,,,,,,,,
M23002,重庆瀚达汽车销售服务有限公司,重庆瀚达,重庆市,重庆市,,正常,西区,孔立刚,73035.68999999999,37931.64,,,,,,,,,,,209.0,171.0,,,,,,,,,,
M18049,芜湖瑞马汽车销售服务有限公司,芜湖瑞马,安徽省,芜湖市,芜湖瑞马,正常,中区,李付敬,125972.64000000001,27979.2,,,,,,,,,,,294.0,180.0,,,,,,,,,,
A13300,泰州天顺达汽车贸易有限公司,泰州天顺达,江苏省,泰州市,天字集团,正常,东区,钱曦,62434.62,34873.380000000005,,,,,,,,,,,278.0,194.0,,,,,,,,,,
M18099,山西马博士汽车销售有限公司,山西马博士,山西省,太原市,山西马博士,正常,北区,姜洙,48842.76,25122.36,,,,,,,,,,,317.0,210.0,,,,,,,,,,
M18511,温州将军汽车销售服务有限公司,温州将军,浙江省,温州市,温州将军,正常,东区,陈秋刚,84558.60000000002,67106.81999999999,,,,,,,,,,,386.0,278.0,,,,,,,,,,
A14861,银川瑞鼎汽车销售服务有限公司,银川瑞鼎,宁夏回族自治区,银川市,银川瑞鼎,正常,西区,蔡永生,6123.3,13800.6,,,,,,,,,,,224.0,116.0,,,,,,,,,,
M23003,湖州长马汽车销售服务有限公司,湖州长马,浙江省,湖州市,湖州长马,正常,东区,张晔,57391.380000000005,22199.760000000002,,,,,,,,,,,206.0,224.0,,,,,,,,,,
M18229,天津远大盈之马汽车销售服务有限公司,天津远大,天津市,天津市,天津远大,正常,北区,邵传海,66812.85,46618.14,,,,,,,,,,,251.0,149.0,,,,,,,,,,
M18573,云南善为汽车销售服务有限公司,云南善为,云南省,昆明市,云南善为,正常,西区,蒋旗,115422.27,51693.36000000001,,,,,,,,,,,287.0,304.0,,,,,,,,,,
M18283,长春久鼎汽车销售服务有限公司,长春久鼎,吉林省,长春市,吉林仁德,正常,北区,唐宏宇,51348.00000000001,34665.96,,,,,,,,,,,155.0,164.0,,,,,,,,,,
M18105,苏州恒合汽车销售有限公司,苏州恒合,江苏省,苏州市,瀚龙集团,正常,东区,晏礼奎,70111.02000000002,34600.020000000004,,,,,,,,,,,340.0,245.0,,,,,,,,,,
A30536,周口鑫马汽车销售服务有限公司,周口鑫马,河南省,周口市,周口鑫马,正常,中区,倪超,45065.520000000004,31582.5,,,,,,,,,,,217.0,254.0,,,,,,,,,,
A26215,桐乡市振华汽车贸易有限公司,桐乡市振华,浙江省,嘉兴市,桐乡振华,正常,东区,张晔,96618.96000000002,50003.46000000001,,,,,,,,,,,324.0,217.0,,,,,,,,,,
A26096,上饶市福铃达汽车有限公司,上饶市福铃达,江西省,上饶市,,正常,南区,王胜文,31872.0,63685.68,,,,,,,,,,,165.0,157.0,,,,,,,,,,
M18306,北京瑞豪成商贸有限公司,北京瑞豪成商,北京市,北京市,北京瑞豪成,正常,北区,祁玮,57259.53,36533.16,,,,,,,,,,,169.0,129.0,,,,,,,,,,
M18363,东莞市久驰汽车贸易有限公司,东莞市久驰,广东省,东莞市,东莞久驰,正常,南区,张裕坤,2771.1,9690.84,,,,,,,,,,,429.0,213.0,,,,,,,,,,
M18888,青海金团汽车销售服务有限公司,青海金团,青海省,西宁市,青海金团,正常,西区,蒋旗,36271.2,25805.58,,,,,,,,,,,162.0,148.0,,,,,,,,,,
A29055,宜昌大宏汽车销售有限公司,宜昌大宏,湖北省,宜昌市,宜昌大颜,正常,中区,张哲,48665.58,27445.650000000005,,,,,,,,,,,284.0,240.0,,,,,,,,,,
A30535,安徽泓德汽车销售服务有限公司,安徽泓德,安徽省,滁州市,安徽泓德,正常,中区,李付敬,78533.67000000001,52652.52,,,,,,,,,,,236.0,229.0,,,,,,,,,,
M18370,兰州金岛骄马汽车销售有限公司,兰州金岛骄马,甘肃省,兰州市,兰州金岛骄马,正常,西区,蒋旗,50465.130000000005,38860.35,,,,,,,,,,,177.0,161.0,,,,,,,,,,
M18160,十堰海阜汽车销售服务有限公司,十堰海阜,湖北省,十堰市,十堰海阜,正常,中区,张哲,55006.62,55994.4,,,,,,,,,,,202.0,215.0,,,,,,,,,,
M18090,襄阳建银金马汽车销售有限公司,襄阳建银金马,湖北省,襄阳市,建银集团,正常,中区,张哲,37964.46000000001,0.0,,,,,,,,,,,127.0,145.0,,,,,,,,,,
M18037,常熟豪骏汽车销售服务有限公司,常熟豪骏,江苏省,苏州市,,正常,东区,晏礼奎,53783.46000000001,44139.899999999994,,,,,,,,,,,284.0,200.0,,,,,,,,,,
A26218,乐山市联合东升汽车销售服务有限公司,乐山市联合,四川省,乐山市,乐山联合,正常,西区,卢冶金,62817.840000000004,50623.53,,,,,,,,,,,209.0,219.0,,,,,,,,,,
M18947,南通正马汽车销售服务有限公司,南通正马,江苏省,南通市,盐城申大,正常,东区,陈秋刚,13449.0,0.0,,,,,,,,,,,89.0,86.0,,,,,,,,,,
A22780,盐城申大汽车销售服务有限公司,盐城申大,江苏省,盐城市,盐城申大,正常,东区,陈秋刚,31639.860000000004,29158.979999999996,,,,,,,,,,,156.0,186.0,,,,,,,,,,
M18201,贺州市均浩汽车销售有限公司,贺州市均浩,广西壮族自治区,贺州市,贺州均浩,正常,南区,薛仲锋,21205.2,24493.2,,,,,,,,,,,164.0,151.0,,,,,,,,,,
A27235,威海悦祥汽车服务有限公司,威海悦祥,山东省,威海市,威海悦祥,正常,中区,李付敬,25476.48,14017.2,,,,,,,,,,,127.0,124.0,,,,,,,,,,
A32364,淄博安华汽车销售服务有限公司,淄博安华,山东省,淄博市,淄博安华,正常,中区,李伟,36222.48,23473.38,,,,,,,,,,,179.0,147.0,,,,,,,,,,
A26095,太仓华洋汽车销售服务有限公司,太仓华洋,江苏省,苏州市,,正常,东区,晏礼奎,26425.2,0.0,,,,,,,,,,,186.0,138.0,,,,,,,,,,
M18018,诸暨国赛汽车有限公司,诸暨国赛,浙江省,绍兴市,浙江国赛,正常,东区,李波,35142.36,13212.6,,,,,,,,,,,144.0,118.0,,,,,,,,,,
M18313,合肥市贺悦汽车销售服务有限公司,合肥市贺悦,安徽省,合肥市,合肥贺悦,正常,中区,李伟,7415.580000000001,21459.059999999998,,,,,,,,,,,120.0,115.0,,,,,,,,,,
M18163,张家港全骏汽车销售服务有限公司,张家港全骏,江苏省,苏州市,江苏富骏,正常,东区,晏礼奎,31139.04,24825.9,,,,,,,,,,,192.0,131.0,,,,,,,,,,
M18138,江西金乐玛汽车销售服务有限公司,江西金乐玛,江西省,吉安市,江西金乐玛,正常,南区,王胜文,43974.240000000005,40052.340000000004,,,,,,,,,,,161.0,153.0,,,,,,,,,,
M18371,贵州正合隆汽车销售有限公司,贵州正合隆,贵州省,贵阳市,正能量集团,正常,西区,卢冶金,19208.46,51002.22,,,,,,,,,,,193.0,177.0,,,,,,,,,,
M18927,徐州正马汽车销售服务有限公司,徐州正马,江苏省,徐州市,盐城申大,正常,东区,陈秋刚,43311.780000000006,42675.12,,,,,,,,,,,142.0,284.0,,,,,,,,,,
M18917,河北桐响汽车贸易有限公司,河北桐响,河北省,石家庄市,河北桐响,正常,北区,祁玮,43500.30000000001,27805.74,,,,,,,,,,,148.0,137.0,,,,,,,,,,
M18088,佛山智迪汽车有限公司,佛山智迪,广东省,佛山市,,正常,南区,宋扬,36530.880000000005,0.0,,,,,,,,,,,219.0,147.0,,,,,,,,,,
A22537,阜阳市广旭汽车销售服务有限公司,阜阳市广旭,安徽省,阜阳市,,正常,中区,李伟,27641.339999999997,51970.38,,,,,,,,,,,107.0,161.0,,,,,,,,,,
A13279,河北骏达汽车贸易有限公司,河北骏达汽车,河北省,石家庄市,河北郡达,正常,北区,祁玮,62033.34000000001,38244.9,,,,,,,,,,,190.0,179.0,,,,,,,,,,
A32359,马鞍山中冠汽车销售服务有限公司,马鞍山中冠,安徽省,马鞍山市,马鞍山中冠,正常,中区,李付敬,52120.8,37136.04,,,,,,,,,,,155.0,163.0,,,,,,,,,,
M18889,安庆瑞呈汽车销售服务有限公司,安庆瑞呈,安徽省,安庆市,芜湖瑞马,正常,中区,李付敬,15739.140000000001,21719.76,,,,,,,,,,,133.0,100.0,,,,,,,,,,
A32801,辽宁旺达汽车销售服务有限公司,辽宁旺达,辽宁省,鞍山市,辽宁旺达,正常,北区,鲁金泽,33703.02,27013.2,,,,,,,,,,,130.0,106.0,,,,,,,,,,
M18960,泉州道明汽车销售服务有限公司,泉州道明,福建省,泉州市,,正常,南区,陈建民,35585.82,27385.68,,,,,,,,,,,194.0,141.0,,,,,,,,,,
M18341,株洲市华兴汽车销售服务有限公司,株洲市华兴,湖南省,株洲市,株洲华兴,正常,南区,李志杰,20125.32,6123.3,,,,,,,,,,,173.0,109.0,,,,,,,,,,
M18231,岳阳驭马汽车销售服务有限公司,岳阳驭马,湖南省,岳阳市,湖南长驰,正常,南区,李志杰,32159.010000000002,38553.84,,,,,,,,,,,189.0,158.0,,,,,,,,,,
M18243,郴州跃马汽车销售有限公司,郴州跃马,湖南省,郴州市,湖南长驰,正常,南区,李志杰,43711.11,13212.6,,,,,,,,,,,164.0,137.0,,,,,,,,,,
M18234,永州驭马汽车销售服务有限公司,永州驭马,湖南省,永州市,湖南长驰,正常,南区,李志杰,51711.24,2761.08,,,,,,,,,,,140.0,133.0,,,,,,,,,,
A19776,邢台蓝池跃龙汽车服务有限公司,邢台蓝池跃龙,河北省,邢台市,邢台蓝池,正常,北区,姜洙,52488.450000000004,15973.68,,,,,,,,,,,154.0,119.0,,,,,,,,,,
M18128,济宁骁华汽车销售服务有限公司,济宁骁华,山东省,济宁市,济宁骁华,正常,中区,李伟,51716.4,23597.88,,,,,,,,,,,153.0,131.0,,,,,,,,,,
M18297,邯郸德骏汽车销售有限公司,邯郸德骏,河北省,邯郸市,邯郸德骏,正常,北区,姜洙,72141.00000000001,9140.820000000002,,,,,,,,,,,138.0,132.0,,,,,,,,,,
M18095,内蒙古鸿达汽车销售服务有限公司,内蒙古鸿达,内蒙古自治区,呼和浩特市,内蒙古鸿达,正常,北区,姜洙,24416.22,22107.0,,,,,,,,,,,126.0,68.0,,,,,,,,,,
M18246,遵义乾坤君马汽车销售有限公司,遵义乾坤君马,贵州省,遵义市,遵义乾坤,正常,西区,卢冶金,12246.6,17782.44,,,,,,,,,,,77.0,98.0,,,,,,,,,,
A28858,清远市骏昇汽车销售服务有限公司,清远市骏昇,广东省,清远市,,正常,南区,王胜文,33568.71,15017.7,,,,,,,,,,,174.0,113.0,,,,,,,,,,
M18319,慈溪市新亚汽车销售服务有限公司,慈溪市新亚,浙江省,宁波市,慈溪新亚,正常,东区,陈秋刚,45756.17999999999,7325.7,,,,,,,,,,,126.0,97.0,,,,,,,,,,
M18070,泰兴市天利达汽车贸易有限公司,泰兴市天利达,江苏省,泰州市,天字集团,正常,东区,钱曦,47918.16000000001,34031.82000000001,,,,,,,,,,,122.0,139.0,,,,,,,,,,
M18898,南充创达丰汽车服务有限公司,南充创达丰,四川省,南充市,南充创达,正常,西区,陈莉,42562.92,28852.260000000002,,,,,,,,,,,127.0,146.0,,,,,,,,,,
M18935,福州龙驭汽车销售服务有限公司,福州龙驭,福建省,福州市,,正常,南区,陈建民,78644.88,28655.460000000003,,,,,,,,,,,233.0,168.0,,,,,,,,,,
M18195,青岛海昌汽车销售有限公司,青岛海昌,山东省,青岛市,青岛安隆达,正常,中区,李付敬,28639.98,19335.9,,,,,,,,,,,86.0,83.0,,,,,,,,,,
M18362,东莞市通华汽车销售服务有限公司,东莞市通华,广东省,东莞市,深圳通利华,正常,南区,张裕坤,23650.980000000003,32175.12,,,,,,,,,,,177.0,120.0,,,,,,,,,,
M18137,宿迁永泓汽车销售服务有限公司,宿迁永泓,江苏省,宿迁市,宿迁永泓,正常,东区,钱曦,19904.1,23597.88,,,,,,,,,,,96.0,111.0,,,,,,,,,,
M18902,许昌吉运汽车销售服务有限公司,许昌吉运,河南省,许昌市,许昌吉运,正常,中区,倪超,38103.630000000005,20872.32,,,,,,,,,,,176.0,123.0,,,,,,,,,,
M18326,南阳兴业汽车销售服务有限公司,南阳兴业,河南省,南阳市,,正常,中区,倪超,29133.18,32741.7,,,,,,,,,,,110.0,144.0,,,,,,,,,,
M18239,丽水旺昌汽车销售服务有限公司,丽水旺昌,浙江省,丽水市,,正常,东区,陈秋刚,47168.399999999994,31582.5,,,,,,,,,,,152.0,106.0,,,,,,,,,,
M18218,包头市鸿燕福达汽车销售服务有限公司,包头市鸿燕福,内蒙古自治区,包头市,内蒙古鸿达,正常,北区,姜洙,17145.24,23814.3,,,,,,,,,,,115.0,101.0,,,,,,,,,,
A26216,揭阳恒诚汽车贸易有限公司,揭阳恒诚,广东省,揭阳市,,正常,南区,张裕坤,24493.2,32528.1,,,,,,,,,,,195.0,121.0,,,,,,,,,,
A28381,潮州市德隆汽车贸易有限公司,潮州市德隆,广东省,潮州市,潮州德隆,正常,南区,张裕坤,31824.12,25200.54,,,,,,,,,,,199.0,130.0,,,,,,,,,,
M18232,株洲同达汽车销售服务有限公司,株洲同达,湖南省,株洲市,湖南长驰,正常,南区,李志杰,14428.74,13636.2,,,,,,,,,,,115.0,93.0,,,,,,,,,,
M18328,焦作双达汽车销售服务有限公司,焦作双达,河南省,焦作市,焦作双达,正常,中区,倪超,25467.24,21304.440000000002,,,,,,,,,,,143.0,101.0,,,,,,,,,,
M18915,临沂长驰汽车销售服务有限公司,临沂长驰,山东省,临沂市,湖南长驰,正常,中区,李伟,6123.3,0.0,,,,,,,,,,,118.0,102.0,,,,,,,,,,
M18230,九江景润汽车销售服务有限公司,九江景润,江西省,九江市,,正常,南区,王胜文,34084.92,26425.2,,,,,,,,,,,172.0,116.0,,,,,,,,,,
M18922,东莞市众强贸易有限公司,东莞众强,广东省,东莞市,东莞众强,正常,南区,张裕坤,8351.880000000001,0.0,,,,,,,,,,,75.0,73.0,,,,,,,,,,
M18247,北京东南得利卡汽车贸易有限公司,北京东南得利,北京市,北京市,北京东南得利卡,正常,北区,祁玮,30026.82,20483.579999999998,,,,,,,,,,,93.0,59.0,,,,,,,,,,
M18071,韶关市荣和通达汽车贸易有限公司,韶关市荣和通,广东省,韶关市,胡列杰,正常,南区,张裕坤,4141.62,31696.859999999997,,,,,,,,,,,88.0,70.0,,,,,,,,,,
M18911,伊宁市笑好泓源汽车服务有限公司,伊宁市笑好,新疆维吾尔自治区,伊犁哈萨克自治州,,正常,西区,蔡永生,0.0,8987.7,,,,,,,,,,,45.0,27.0,,,,,,,,,,
M18265,洛阳隆马汽车销售服务有限公司,洛阳隆马,河南省,洛阳市,洛阳隆马,正常,中区,倪超,46533.240000000005,5522.16,,,,,,,,,,,77.0,59.0,,,,,,,,,,
M18259,宜春驭盛汽车服务有限公司,宜春驭盛,江西省,宜春市,湖南长驰,正常,南区,王胜文,0.0,0.0,,,,,,,,,,,118.0,81.0,,,,,,,,,,
M18919,唐山丰玮汽车贸易有限公司,唐山丰玮,河北省,唐山市,唐山丰玮,正常,北区,祁玮,13627.14,6123.3,,,,,,,,,,,47.0,49.0,,,,,,,,,,
M18175,巴州四季秋林汽车销售有限公司,巴州四季秋林,新疆维吾尔自治区,巴音郭楞蒙古自治州,新疆广利,正常,西区,蔡永生,19526.100000000002,6691.5,,,,,,,,,,,56.0,42.0,,,,,,,,,,
M18897,沧州仓安汽车销售服务有限公司,沧州仓安汽车,河北省,沧州市,沧州仓安,正常,北区,鲁金泽,25942.5,15071.460000000001,,,,,,,,,,,84.0,66.0,,,,,,,,,,
M18255,孝感景帆汽车销售服务有限公司,孝感景帆,湖北省,孝感市,孝感景帆,正常,中区,张哲,6123.3,15161.34,,,,,,,,,,,38.0,52.0,,,,,,,,,,
M18958,六安市泰源汽车销售服务有限公司,六安市泰源,安徽省,六安市,合肥贺悦,正常,中区,李伟,6123.3,5958.900000000001,,,,,,,,,,,153.0,183.0,,,,,,,,,,
M18954,贵阳京正鸿汽车销售服务有限公司,贵阳京正鸿,贵州省,贵阳市,云南正集众,正常,西区,卢冶金,31263.0,22171.62,,,,,,,,,,,123.0,87.0,,,,,,,,,,
M18169,莆田龙益汽车销售服务有限公司,莆田龙益,福建省,莆田市,福州龙益,正常,南区,陈建民,13153.619999999999,16579.2,,,,,,,,,,,156.0,113.0,,,,,,,,,,
M18206,大连盛瑞行汽车有效公司,大连盛瑞行,辽宁省,大连市,大连盛瑞行,正常,北区,唐宏宇,39407.16,0.0,,,,,,,,,,,25.0,31.0,,,,,,,,,,
M18896,阿克苏笑好信恒汽车销售服务有限公司,阿克苏笑好,新疆维吾尔自治区,阿克苏地区,笑好集团,正常,西区,蔡永生,13163.939999999999,5958.900000000001,,,,,,,,,,,54.0,35.0,,,,,,,,,,
M18067,呼伦贝尔市恒润汽车贸易有限公司,呼伦贝尔恒润,内蒙古自治区,呼伦贝尔市,呼伦贝尔恒润,正常,北区,姜洙,12197.94,6123.3,,,,,,,,,,,35.0,38.0,,,,,,,,,,
M18222,承德浩驰汽车销售服务有限公司,承德浩驰,河北省,承德市,承德浩驰,正常,北区,鲁金泽,14215.14,6123.3,,,,,,,,,,,48.0,35.0,,,,,,,,,,
M18286,日照市佰世达汽车销售服务有限公司,日照市佰世达,山东省,日照市,日照佰世达,正常,中区,李付敬,33223.2,0.0,,,,,,,,,,,66.0,66.0,,,,,,,,,,
M23001,佳木斯嘉达汽车销售服务有限公司,佳木斯嘉达,黑龙江省,佳木斯市,佳木斯嘉达,正常,北区,邵传海,6123.3,15333.12,,,,,,,,,,,13.0,36.0,,,,,,,,,,
M18952,吉林市铭航汽车销售服务有限公司,吉林市铭航,吉林省,吉林市,吉林铭航,正常,北区,唐宏宇,6711.3,0.0,,,,,,,,,,,25.0,17.0,,,,,,,,,,
M18267,阜新鑫鑫汽车销售服务有限公司,阜新鑫鑫,辽宁省,阜新市,阜新鑫鑫,正常,北区,鲁金泽,0.0,0.0,,,,,,,,,,,0.0,0.0,,,,,,,,,,
M18920,漳州凯鑫汽车贸易有限公司,漳州凯鑫,福建省,漳州市,漳州凯鑫,正常,南区,陈建民,6711.3,6123.3,,,,,,,,,,,35.0,20.0,,,,,,,,,,
M18939,连云港佳成汽车销售有限公司,连云港佳成,江苏省,连云港市,连云港佳成,正常,东区,钱曦,79946.31,13212.6,,,,,,,,,,,184.0,147.0,,,,,,,,,,
M18912,西藏鼎恒实业有限公司,西藏鼎恒实业,西藏自治区,拉萨市,西藏鼎恒,正常,西区,孔立刚,7089.3,2761.08,,,,,,,,,,,4.0,1.0,,,,,,,,,,
M18959,菏泽佳谊订单中心,菏泽佳谊订单中心,山东省,菏泽市,山东林豪,正常,中区,李伟,21756.3,6123.3,,,,,,,,,,,42.0,62.0,,,,,,,,,,
M18964,新乡市弘森汽车销售服务有限公司,新乡市弘森,河南省,新乡市,,正常,中区,倪超,20716.440000000002,23062.980000000003,,,,,,,,,,,156.0,110.0,,,,,,,,,,
M18945,汉中骏逸鑫逸汽车销售服务有限公司 ,汉中骏逸鑫逸,陕西省,汉中市,汉中骏逸鑫逸,正常,西区,李兴坤,0.0,15253.259999999998,,,,,,,,,,,170.0,49.0,,,,,,,,,,
M18083,镇江天佑汽车销售服务有限公司,镇江天佑,江苏省,镇江市,南京天和,正常,东区,钱曦,7887.3,0.0,,,,,,,,,,,155.0,107.0,,,,,,,,,,
M18966,宝鸡福瑞腾汽车销售服务有限公司,宝鸡福瑞腾,陕西省,宝鸡市,,正常,西区,李兴坤,0.0,21264.21,,,,,,,,,,,32.0,35.0,,,,,,,,,,
M18965,泸州长马一鸣汽车贸易有限公司,泸州长马,四川省,泸州市,,正常,西区,卢冶金,0.0,0.0,,,,,,,,,,,10.0,21.0,,,,,,,,,,
M18962,梅州市华璟新能源汽车有限公司,梅州华璟新能源,广东省,梅州市,,正常,南区,张裕坤,0.0,0.0,,,,,,,,,,,7.0,6.0,,,,,,,,,,
M18969,商丘腾驭汽车销售服务有限公司,商丘腾驭,河南省,商丘市,,正常,中区,倪超,0.0,13212.6,,,,,,,,,,,2.0,53.0,,,,,,,,,,
M18971,濮阳市利镇汽车销售有限公司,濮阳利镇,河南省,濮阳市,,正常,中区,倪超,0.0,9828.720000000001,,,,,,,,,,,0.0,11.0,,,,,,,,,,
M18976,茂名市百润新能源汽车销售服务有限公司,茂名市百润新能源,广东省,茂名市,,正常,南区,宋扬,0.0,8448.18,,,,,,,,,,,0.0,0.0,,,,,,,,,,
M18981,扬州上辰汽车销售服务有限公司,扬州上辰,江苏省,扬州市,,正常,东区,钱曦,,,,,,,,,,,,,,,,,,,,,,,,
A13313,宁波万事得汽车有限公司,宁波万事得,浙江省,宁波市,,正常,东区,李波,0.0,0.0,,,,,,,,,,,0.0,0.0,,,,,,,,,,
M18167,北海瑞祥盛汽车销售服务有限公司,北海瑞祥盛,广西壮族自治区,北海市,,退网,南区,薛仲锋,60198.36,0.0,,,,,,,,,,,154.0,115.0,,,,,,,,,,
M18221,贵港万马汽车销售服务有限公司,贵港万马,广西壮族自治区,贵港市,,退网,南区,薛仲锋,67152.00000000001,17466.18,,,,,,,,,,,141.0,154.0,,,,,,,,,,
M18617,武汉龙泰汽车销售服务有限公司,武汉龙泰,湖北省,武汉市,,退网,中区,张哲,9860.4,11219.28,,,,,,,,,,,159.0,125.0,,,,,,,,,,
M18242,邵阳驭马汽车销售服务有限公司,邵阳驭马,湖北省,邵阳市,,退网,南区,李志杰,51177.060000000005,33750.9,,,,,,,,,,,214.0,183.0,,,,,,,,,,
A21357,泸州安马车业有限公司,泸州安马,四川省,泸州市,,退网,西区,卢冶金,22228.98,0.0,,,,,,,,,,,125.0,101.0,,,,,,,,,,
M18121,扬州天盛达汽车贸易有限公司,扬州天盛达,江苏省,扬州市,,退网,东区,钱曦,28352.280000000002,14178.6,,,,,,,,,,,280.0,180.0,,,,,,,,,,
M18382,哈尔滨乾丰汽车销售服务有限责任公司,哈尔滨乾丰,黑龙江省,哈尔滨市,,退网,北区,邵传海,2771.1,2771.1,,,,,,,,,,,135.0,58.0,,,,,,,,,,
M18217,宣城瑞冠汽车销售有限公司,宣城瑞冠,安徽省,宣城市,,退网,中区,李付敬,0.0,0.0,,,,,,,,,,,144.0,144.0,,,,,,,,,,
M18972,聊城驭马汽车销售服务有限公司,聊城驭马,山东省,聊城市,,退网,中区,李伟,6123.3,0.0,,,,,,,,,,,73.0,61.0,,,,,,,,,,
A22778,宜兴市苏源汽车销售服务有限公司,宜兴市苏源,江苏省,无锡市,,退网,东区,晏礼奎,26818.08,32870.28,,,,,,,,,,,142.0,105.0,,,,,,,,,,
M18233,泰安金马汽车销售服务有限公司,泰安金马,山东省,泰安市,,退网,中区,李伟,7325.7,0.0,,,,,,,,,,,119.0,105.0,,,,,,,,,,
M18179,廊坊市永昂汽车销售有限公司,廊坊市永昂,河北省,廊坊市,,退网,北区,邵传海,26161.620000000003,0.0,,,,,,,,,,,51.0,35.0,,,,,,,,,,
M18209,张家口耀祥汽车销售有限公司,张家口耀祥,河北省,张家口市,,退网,北区,鲁金泽,28809.239999999998,15198.66,,,,,,,,,,,80.0,78.0,,,,,,,,,,
A18056,赤峰新雅迪汽车销售服务有限公司,赤峰新雅迪,内蒙古自治区,赤峰市,赤峰新雅迪,退网,北区,姜洙,30945.840000000004,13048.2,,,,,,,,,,,111.0,60.0,,,,,,,,,,
M18075,苏州恒昌汽车销售有限公司,苏州恒昌,江苏省,苏州市,瀚龙集团,退网,东区,晏礼奎,43533.78,105735.23999999999,,,,,,,,,,,597.0,1.0,,,,,,,,,,
A19795,衢州龙达汽车销售服务有限公司,衢州龙达,浙江省,衢州市,,退网,东区,陈秋刚,82217.46,0.0,,,,,,,,,,,204.0,153.0,,,,,,,,,,
